genus	pre	drought	log2FC	p	cliffs_delta	q_BH
Rhodopseudomonas	0.16402	0.14225	-0.20408	2e-05	-0.81481	0.00784
Tessaracoccus	0.01694	0.02038	0.2528	5e-05	0.7672	0.00784
Actinocorallia	0.01467	0.01806	0.28293	7e-05	0.75132	0.00784
Euzebya	0.01876	0.02405	0.34213	8e-05	0.74603	0.00784
Undibacter	0.12737	0.09138	-0.47463	8e-05	-0.74074	0.00784
Afipia	0.1853	0.1589	-0.22043	8e-05	-0.74074	0.00784
Allobosea	0.28137	0.25438	-0.14499	8e-05	-0.74074	0.00784
Yinghuangia	0.01582	0.02016	0.33107	8e-05	0.74074	0.00784
Delftia	0.01612	0.0122	-0.37481	8e-05	-0.74074	0.00784
Arthrobacter	0.11393	0.13313	0.22293	0.0001	0.73545	0.00784
Pseudolabrys	1.56476	1.09567	-0.51373	0.0001	-0.73545	0.00784
Rhodoplanes	0.29587	0.26136	-0.17831	0.0001	-0.73545	0.00784
Ornithinimicrobium	0.02071	0.02591	0.31001	0.00011	0.73016	0.00784
Frankia	0.06404	0.07746	0.27067	0.00011	0.73016	0.00784
Iamia	0.10325	0.14356	0.47167	0.00011	0.73016	0.00784
Haloechinothrix	0.00813	0.01003	0.27232	0.00013	0.71958	0.00784
Ancylobacter	0.14223	0.12569	-0.17702	0.00013	-0.71958	0.00784
Georgenia	0.02282	0.02855	0.31065	0.00013	0.71958	0.00784
Corynebacterium	0.0441	0.05211	0.23565	0.00015	0.71429	0.00784
Variibacter	0.07991	0.0688	-0.21316	0.00015	-0.71429	0.00784
Knoellia	0.01334	0.01803	0.40878	0.00015	0.71429	0.00784
Actinomarinicola	0.04651	0.06377	0.44728	0.00015	0.71429	0.00784
Kaustia	0.01826	0.01587	-0.1915	0.00015	-0.71429	0.00784
Parafrankia	0.01598	0.01889	0.22848	0.00017	0.70899	0.00841
Xanthobacter	0.07781	0.07068	-0.13676	0.00019	-0.7037	0.00868
Nocardioides	0.43574	0.83609	0.93859	0.00019	0.7037	0.00868
Saccharomonospora	0.01546	0.0188	0.26707	0.00021	0.69841	0.00901
Humibacillus	0.00851	0.01253	0.50832	0.00021	0.69841	0.00901
Nitriliruptor	0.02146	0.02574	0.25187	0.00024	0.69312	0.00972
Desertimonas	0.13739	0.18678	0.44029	0.00026	0.68783	0.01049
Cryptosporangium	0.01536	0.01878	0.27455	0.00029	0.68254	0.01132
Acidiferrimicrobium	0.02581	0.03319	0.35099	0.00033	0.67725	0.01151
Tardiphaga	0.06918	0.06162	-0.1646	0.00033	-0.67725	0.01151
Ilumatobacter	0.38866	0.47431	0.28667	0.00033	0.67725	0.01151
Streptomyces	0.88662	1.19818	0.43404	0.00037	0.67196	0.01211
Pseudofrankia	0.02623	0.03226	0.28831	0.00037	0.67196	0.01211
Brevibacterium	0.01746	0.02139	0.27859	0.00041	0.66667	0.01276
Aeromicrobium	0.03483	0.04457	0.34697	0.00041	0.66667	0.01276
Bradyrhizobium	3.72235	3.26137	-0.19068	0.00045	-0.66138	0.01349
Actinomyces	0.04446	0.05462	0.29099	0.00045	0.66138	0.01349
Actinopolymorpha	0.01803	0.02227	0.29046	0.0005	0.65608	0.01427
Kitasatospora	0.03946	0.04668	0.23673	0.0005	0.65608	0.01427
Actinomycetospora	0.03174	0.03906	0.29095	0.00056	0.65079	0.0144
Fusarium	0.00747	0.01133	0.5416	0.00056	0.65079	0.0144
Rhodoblastus	0.069	0.06499	-0.08518	0.00056	-0.65079	0.0144
Terrabacter	0.01375	0.02251	0.6722	0.00056	0.65079	0.0144
Nocardia	0.1736	0.21152	0.28355	0.00062	0.6455	0.0144
Comamonas	0.09935	0.07654	-0.37197	0.00062	-0.6455	0.0144
Achromobacter	0.10986	0.10247	-0.09954	0.00062	-0.6455	0.0144
Rhabdothermincola	0.08989	0.12015	0.41465	0.00069	0.64021	0.0144
Blastochloris	0.04209	0.03795	-0.14555	0.00069	-0.64021	0.0144
Enterovirga	0.05485	0.05074	-0.11021	0.00069	-0.64021	0.0144
Acidimicrobium	0.02508	0.03081	0.28625	0.00076	0.63492	0.0144
Prauserella	0.01762	0.02038	0.19947	0.00076	0.63492	0.0144
Kribbella	0.1009	0.12722	0.33146	0.00076	0.63492	0.0144
Aquihabitans	0.03732	0.04972	0.40444	0.00076	0.63492	0.0144
Sphingopyxis	0.10329	0.09255	-0.15681	0.00076	-0.63492	0.0144
Chelatococcus	0.11281	0.10561	-0.09427	0.00076	-0.63492	0.0144
Cellvibrio	0.07023	0.04773	-0.54753	0.00076	-0.63492	0.0144
Variovorax	0.91889	0.78666	-0.22389	0.00076	-0.63492	0.0144
Isoptericola	0.00829	0.0107	0.33294	0.00076	0.63492	0.0144
Promicromonospora	0.00975	0.01224	0.29997	0.00076	0.63492	0.0144
Intrasporangium	0.03295	0.04464	0.42681	0.00076	0.63492	0.0144
Povalibacter	0.4959	0.42781	-0.21261	0.00084	-0.62963	0.01522
Nostocoides	0.01472	0.01905	0.35114	0.00084	0.62963	0.01522
Pseudoduganella	0.08205	0.07499	-0.12833	0.00084	-0.62963	0.01522
Actinomadura	0.15898	0.1864	0.22819	0.00093	0.62434	0.01565
Azorhizobium	0.0329	0.0297	-0.14299	0.00093	-0.62434	0.01565
Svornostia	0.00953	0.01288	0.39829	0.00093	0.62434	0.01565
Duganella	0.08336	0.074	-0.16969	0.00093	-0.62434	0.01565
Patulibacter	0.02074	0.02615	0.32078	0.00093	0.62434	0.01565
Sandaracinobacteroides	0.01261	0.01054	-0.23807	0.00103	-0.61905	0.01638
Phycicoccus	0.02417	0.03125	0.3579	0.00103	0.61905	0.01638
Mumia	0.01199	0.01613	0.39945	0.00103	0.61905	0.01638
Thermomonospora	0.01452	0.01781	0.2779	0.00103	0.61905	0.01638
Blastococcus	0.04695	0.05623	0.25516	0.00114	0.61376	0.01718
Acidovorax	0.11674	0.09861	-0.2412	0.00114	-0.61376	0.01718
Pseudorhodoplanes	0.67387	0.54547	-0.30448	0.00114	-0.61376	0.01718
Modestobacter	0.02061	0.02443	0.23487	0.00114	0.61376	0.01718
Nitrospira	3.51865	2.99032	-0.23465	0.00126	-0.60847	0.01783
Pseudarthrobacter	0.01221	0.01466	0.24523	0.00126	0.60847	0.01783
Aciditerrimonas	0.01129	0.01481	0.36337	0.00126	0.60847	0.01783
Tsukamurella	0.00784	0.01016	0.33652	0.00126	0.60847	0.01783
Kineococcus	0.00913	0.01091	0.23341	0.00126	0.60847	0.01783
Microtetraspora	0.01086	0.01325	0.26549	0.00139	0.60317	0.01836
Jiangella	0.03878	0.0491	0.33271	0.00139	0.60317	0.01836
Allorhizocola	0.00879	0.01413	0.62876	0.00139	0.60317	0.01836
Frigoriglobus	0.1322	0.1572	0.24807	0.00139	0.60317	0.01836
Sporichthya	0.01778	0.03502	0.93969	0.00139	0.60317	0.01836
Conexibacter	0.06092	0.0778	0.34773	0.00139	0.60317	0.01836
Ramlibacter	0.79901	0.66858	-0.25676	0.00153	-0.59788	0.02001
Geodermatophilus	0.05386	0.06454	0.25667	0.00168	0.59259	0.0218
Nonomuraea	0.13253	0.15495	0.22394	0.00185	0.5873	0.02349
Brachybacterium	0.01305	0.01549	0.23147	0.00185	0.5873	0.02349
Capillimicrobium	0.02172	0.02881	0.39194	0.00204	0.58201	0.02428
Candidatus Neomicrothrix	0.02988	0.0374	0.31433	0.00204	0.58201	0.02428
Trebonia	0.02209	0.02606	0.22904	0.00204	0.58201	0.02428
Pseudomonas	1.28779	1.01462	-0.34365	0.00204	-0.58201	0.02428
Cryobacterium	0.02151	0.02525	0.22174	0.00204	0.58201	0.02428
Nitrobacter	0.06949	0.06107	-0.18358	0.00204	-0.58201	0.02428
Microlunatus	0.02687	0.03225	0.25486	0.00224	0.57672	0.02565
Roseiarcus	0.01927	0.0174	-0.13928	0.00224	-0.57672	0.02565
Gemmata	0.37262	0.43285	0.2156	0.00224	0.57672	0.02565
Phreatobacter	0.09107	0.08536	-0.09229	0.00224	-0.57672	0.02565
Phytoactinopolyspora	0.01749	0.02129	0.26987	0.00246	0.57143	0.02764
Paraconexibacter	0.00782	0.01078	0.41769	0.00246	0.57143	0.02764
Pseudonocardia	0.19643	0.22779	0.21263	0.0027	0.56614	0.02896
Pseudoxanthomonas	0.17765	0.16622	-0.09544	0.0027	-0.56614	0.02896
Actinospica	0.00888	0.01112	0.2946	0.0027	0.56614	0.02896
Actinotalea	0.01933	0.02278	0.22643	0.0027	0.56614	0.02896
Rhodococcus	0.11329	0.14943	0.39644	0.0027	0.56614	0.02896
Asticcacaulis	0.05845	0.05427	-0.1052	0.00296	-0.56085	0.03013
Nocardiopsis	0.04651	0.05278	0.17897	0.00296	0.56085	0.03013
Ferrimicrobium	0.01013	0.01197	0.22051	0.00296	0.56085	0.03013
Rhabdaerophilum	0.01812	0.0165	-0.1279	0.00296	-0.56085	0.03013
Saccharopolyspora	0.04959	0.05623	0.1779	0.00296	0.56085	0.03013
Amycolatopsis	0.15482	0.17745	0.19566	0.00296	0.56085	0.03013
Cellulomonas	0.08463	0.09613	0.18182	0.00324	0.55556	0.03166
Methylopila	0.02813	0.02623	-0.09702	0.00324	-0.55556	0.03166
Actinacidiphila	0.01547	0.01866	0.25612	0.00324	0.55556	0.03166
Stenotrophomonas	0.10183	0.09573	-0.08817	0.00324	-0.55556	0.03166
Rivibacter	0.04274	0.03438	-0.30597	0.00324	-0.55556	0.03166
Baekduia	0.03253	0.04202	0.35946	0.00355	0.55026	0.03383
Aurantibacillus	0.01986	0.01281	-0.59433	0.00355	-0.55026	0.03383
Tuwongella	0.08706	0.1029	0.2387	0.00355	0.55026	0.03383
Phormidesmis	0.01192	0.01359	0.17524	0.00388	0.54497	0.03615
Litorilinea	0.0378	0.04547	0.26011	0.00388	0.54497	0.03615
Panacagrimonas	0.02417	0.02173	-0.14696	0.00388	-0.54497	0.03615
Actinokineospora	0.02473	0.02903	0.22271	0.00424	0.53968	0.03862
Planctellipticum	0.10084	0.1182	0.22701	0.00424	0.53968	0.03862
Pseudacidovorax	0.0204	0.01748	-0.21111	0.00424	-0.53968	0.03862
Pantoea	0.02839	0.02373	-0.24903	0.00464	-0.53439	0.0392
Segnochrobactrum	0.01138	0.00999	-0.17075	0.00464	-0.53439	0.0392
Actinophytocola	0.04749	0.05993	0.32948	0.00464	0.53439	0.0392
Janibacter	0.01194	0.01408	0.22001	0.00464	0.53439	0.0392
Motilibacter	0.00821	0.01004	0.26132	0.00464	0.53439	0.0392
Ferrovibrio	0.10724	0.09834	-0.12379	0.00464	-0.53439	0.0392
Bremerella	0.05557	0.06465	0.21489	0.00464	0.53439	0.0392
Polystyrenella	0.02572	0.03032	0.229	0.00464	0.53439	0.0392
Thioclava	0.01081	0.00951	-0.16823	0.00464	-0.53439	0.0392
Bifidobacterium	0.01385	0.01586	0.18342	0.00464	0.53439	0.0392
Herbidospora	0.01011	0.01187	0.21286	0.00506	0.5291	0.04161
Pseudorhodoferax	0.07556	0.06143	-0.29434	0.00506	-0.5291	0.04161
Streptosporangium	0.03143	0.03655	0.21135	0.00506	0.5291	0.04161
Curvibacter	0.05492	0.04609	-0.24787	0.00506	-0.5291	0.04161
Breoghania	0.02883	0.0265	-0.11694	0.00552	-0.52381	0.04302
Hydrogenophaga	0.23764	0.20432	-0.21698	0.00552	-0.52381	0.04302
Rhizobacter	0.15216	0.12457	-0.28652	0.00552	-0.52381	0.04302
Kineosporia	0.0203	0.02462	0.26628	0.00552	0.52381	0.04302
Bacillus	0.08657	0.09746	0.16922	0.00552	0.52381	0.04302
Leucobacter	0.01509	0.0176	0.20863	0.00552	0.52381	0.04302
Caenimonas	0.08626	0.0694	-0.3096	0.00552	-0.52381	0.04302
Leifsonia	0.01868	0.02098	0.15987	0.00552	0.52381	0.04302
Sinomonas	0.01335	0.01531	0.18436	0.00602	0.51852	0.04484
Casimicrobium	0.02092	0.0183	-0.18397	0.00602	-0.51852	0.04484
Lignipirellula	0.11255	0.13343	0.24353	0.00602	0.51852	0.04484
Polaromonas	0.21727	0.1972	-0.13915	0.00602	-0.51852	0.04484
Shinella	0.04829	0.04206	-0.19505	0.00602	-0.51852	0.04484
Aquabacter	0.03426	0.03166	-0.11029	0.00602	-0.51852	0.04484
Microbispora	0.02342	0.02728	0.21156	0.00602	0.51852	0.04484
Dermatobacter	0.04698	0.06019	0.35082	0.00656	0.51323	0.04736
Acidocella	0.04922	0.04671	-0.07416	0.00656	-0.51323	0.04736
Ottowia	0.08233	0.07251	-0.18085	0.00656	-0.51323	0.04736
Sphingobium	0.19559	0.18344	-0.092	0.00656	-0.51323	0.04736
Nakamurella	0.02707	0.03241	0.25123	0.00656	0.51323	0.04736
Lentzea	0.04045	0.04662	0.20039	0.00714	0.50794	0.04975
Demequina	0.02499	0.03046	0.27548	0.00714	0.50794	0.04975
Diaphorobacter	0.02202	0.01969	-0.15392	0.00714	-0.50794	0.04975
Actinoplanes	0.10443	0.12425	0.24862	0.00714	0.50794	0.04975
Rhizocola	0.01977	0.04194	1.04803	0.00714	0.50794	0.04975
Limnoglobus	0.12844	0.14666	0.19005	0.00714	0.50794	0.04975
Catenuloplanes	0.01127	0.01405	0.29437	0.00776	0.50265	0.05318
Saccharothrix	0.03952	0.04715	0.2489	0.00776	0.50265	0.05318
Thermogemmata	0.04466	0.05238	0.22544	0.00776	0.50265	0.05318
Telmatocola	0.0884	0.10488	0.24408	0.00844	0.49735	0.05556
Crateriforma	0.01886	0.02189	0.2047	0.00844	0.49735	0.05556
Actinoallomurus	0.02093	0.02575	0.2864	0.00844	0.49735	0.05556
Rosistilla	0.03869	0.04533	0.22306	0.00844	0.49735	0.05556
Antrihabitans	0.00974	0.01188	0.2624	0.00844	0.49735	0.05556
Salinarimonas	0.03593	0.03363	-0.09283	0.00844	-0.49735	0.05556
Penicillium	0.00983	0.18126	4.07283	0.00844	0.49735	0.05556
Plantactinospora	0.01909	0.02427	0.33123	0.00916	0.49206	0.0581
Steroidobacter	0.48676	0.43087	-0.17558	0.00916	-0.49206	0.0581
Pollutimonas	0.0213	0.01945	-0.12519	0.00916	-0.49206	0.0581
Methylovirgula	0.03503	0.03284	-0.09066	0.00916	-0.49206	0.0581
Kibdelosporangium	0.0207	0.0242	0.21557	0.00916	0.49206	0.0581
Cognatiluteimonas	0.02085	0.01864	-0.15391	0.00916	-0.49206	0.0581
Curtobacterium	0.00967	0.01094	0.16196	0.00916	0.49206	0.0581
Sphaerisporangium	0.02461	0.02819	0.1889	0.00995	0.48677	0.06239
Mycobacterium	0.74873	1.20783	0.68917	0.00995	0.48677	0.06239
Simplicispira	0.01596	0.01374	-0.20215	0.01079	-0.48148	0.06526
Rhodovulum	0.08924	0.07584	-0.23187	0.01079	-0.48148	0.06526
Williamsia	0.00903	0.01195	0.36816	0.01079	0.48148	0.06526
Stieleria	0.10695	0.12044	0.16993	0.01079	0.48148	0.06526
Caldilinea	0.02837	0.03342	0.22886	0.01079	0.48148	0.06526
Methylocapsa	0.06759	0.06343	-0.09027	0.01079	-0.48148	0.06526
Piscinibacter	0.48178	0.40151	-0.26235	0.01079	-0.48148	0.06526
Microvirga	0.40898	0.3858	-0.08397	0.01169	-0.47619	0.0683
Miltoncostaea	0.05198	0.07439	0.50913	0.01169	0.47619	0.0683
Oxalicibacterium	0.01846	0.01725	-0.09211	0.01169	-0.47619	0.0683
Trinickia	0.05367	0.05073	-0.07958	0.01169	-0.47619	0.0683
Jatrophihabitans	0.01728	0.02036	0.22455	0.01169	0.47619	0.0683
Roseateles	0.45578	0.38249	-0.2523	0.01169	-0.47619	0.0683
Fimbriiglobus	0.16779	0.19727	0.23224	0.01169	0.47619	0.0683
Gaiella	0.37135	0.4976	0.42121	0.01266	0.4709	0.07118
Allorhodopirellula	0.01901	0.02163	0.17752	0.01266	0.4709	0.07118
Ktedonobacter	0.04383	0.0509	0.21139	0.01266	0.4709	0.07118
Glycomyces	0.02087	0.02801	0.4076	0.01266	0.4709	0.07118
Paracidovorax	0.0167	0.01492	-0.15302	0.01266	-0.4709	0.07118
Oxalobacter	0.01846	0.0168	-0.12874	0.01266	-0.4709	0.07118
Mycolicibacterium	0.48316	0.8615	0.83305	0.01266	0.4709	0.07118
Kutzneria	0.01681	0.01912	0.1763	0.01266	0.4709	0.07118
Kumtagia	0.0829	0.06547	-0.33594	0.0137	-0.46561	0.07423
Alsobacter	0.0849	0.07845	-0.11274	0.0137	-0.46561	0.07423
Geminicoccus	0.06618	0.05986	-0.14261	0.0137	-0.46561	0.07423
Paractinoplanes	0.0433	0.05192	0.25651	0.0137	0.46561	0.07423
Roseibium	0.0742	0.06939	-0.09542	0.0137	-0.46561	0.07423
Leptospira	0.10476	0.09933	-0.07609	0.0137	-0.46561	0.07423
Zestomonas	0.01304	0.01074	-0.25828	0.0137	-0.46561	0.07423
Actinospineispora	0.01253	0.01404	0.15297	0.0137	0.46561	0.07423
Xenophilus	0.02126	0.01823	-0.2114	0.01482	-0.46032	0.07746
Collimonas	0.03659	0.0344	-0.08664	0.01482	-0.46032	0.07746
Candidatus Poriferisodalis	0.0313	0.04036	0.35684	0.01482	0.46032	0.07746
Mycolicibacter	0.03515	0.06266	0.81646	0.01482	0.46032	0.07746
Candidatus Entotheonella	0.62959	0.78495	0.31775	0.01482	0.46032	0.07746
Gimesia	0.17448	0.19797	0.18127	0.01482	0.46032	0.07746
Fuerstiella	0.04088	0.04616	0.17133	0.01482	0.46032	0.07746
Enterobacter	0.01648	0.01311	-0.30945	0.01482	-0.46032	0.07746
Limnohabitans	0.0931	0.08236	-0.17495	0.01601	-0.45503	0.08121
Roseimaritima	0.06162	0.06931	0.16708	0.01601	0.45503	0.08121
Actinocatenispora	0.0096	0.01175	0.26616	0.01601	0.45503	0.08121
Gordonia	0.05904	0.07418	0.32442	0.01601	0.45503	0.08121
Fluviicola	0.01433	0.01238	-0.1964	0.01601	-0.45503	0.08121
Acidisoma	0.03064	0.02977	-0.04017	0.01601	-0.45503	0.08121
Acinetobacter	0.06092	0.05296	-0.19838	0.01601	-0.45503	0.08121
Leptothrix	0.0281	0.02308	-0.27332	0.01729	-0.44974	0.08446
Pirellula	0.31015	0.37476	0.27219	0.01729	0.44974	0.08446
Solirubrobacter	0.16172	0.21317	0.39637	0.01729	0.44974	0.08446
Rhizobium	0.52682	0.48326	-0.12425	0.01729	-0.44974	0.08446
Metapseudomonas	0.06363	0.06842	0.10318	0.01729	-0.44974	0.08446
Candidatus Laterigemmans	0.03435	0.03968	0.20245	0.01729	0.44974	0.08446
Brevundimonas	0.16111	0.15431	-0.06183	0.01729	-0.44974	0.08446
Methylacidimicrobium	0.01221	0.01334	0.1183	0.01729	0.44974	0.08446
Acrocarpospora	0.01785	0.02042	0.18453	0.01729	0.44974	0.08446
Nesterenkonia	0.01044	0.01202	0.18659	0.01866	0.44444	0.08755
Nodosilinea	0.01634	0.01826	0.15131	0.01866	0.44444	0.08755
Caldimonas	0.13129	0.11299	-0.21477	0.01866	-0.44444	0.08755
Roseivivax	0.01316	0.01135	-0.19761	0.01866	-0.44444	0.08755
Herminiimonas	0.02099	0.01919	-0.1233	0.01866	-0.44444	0.08755
Hansschlegelia	0.03246	0.03025	-0.09873	0.01866	-0.44444	0.08755
Anatilimnocola	0.62377	0.73991	0.24597	0.01866	0.44444	0.08755
Kocuria	0.01177	0.01313	0.14558	0.01866	0.44444	0.08755
Solimonas	0.09504	0.0904	-0.07141	0.01866	-0.44444	0.08755
Peristeroidobacter	0.14542	0.13089	-0.15078	0.01866	-0.44444	0.08755
Blastopirellula	0.17028	0.19629	0.20395	0.02012	0.43915	0.09083
Caulifigura	0.10494	0.12316	0.22903	0.02012	0.43915	0.09083
Roseiconus	0.03632	0.0409	0.16713	0.02012	0.43915	0.09083
Methyloceanibacter	0.40257	0.5069	0.33172	0.02012	0.43915	0.09083
Massilia	0.27351	0.26205	-0.06154	0.02012	-0.43915	0.09083
Candidatus Rhabdochlamydia	0.01919	0.0306	0.64596	0.02012	0.43915	0.09083
Xanthomonas	0.07936	0.07655	-0.0514	0.02012	-0.43915	0.09083
Propioniciclava	0.00847	0.01011	0.23006	0.02012	0.43915	0.09083
Inhella	0.04425	0.03522	-0.32127	0.02012	-0.43915	0.09083
Pleomorphomonas	0.02346	0.02143	-0.12513	0.02012	-0.43915	0.09083
Eleftheria	0.01543	0.0137	-0.16083	0.02168	-0.43386	0.09294
Aneurinibacillus	0.00946	0.01101	0.20042	0.02168	0.43386	0.09294
Starkeya	0.02296	0.02075	-0.13901	0.02168	-0.43386	0.09294
Acanthopleuribacter	0.00988	0.01083	0.12036	0.02168	0.43386	0.09294
Alcaligenes	0.01131	0.01025	-0.13005	0.02168	-0.43386	0.09294
Methyloversatilis	0.05504	0.05187	-0.0841	0.02168	-0.43386	0.09294
Candidatus Moanibacter	0.01119	0.01262	0.16039	0.02168	0.43386	0.09294
Cupriavidus	0.41192	0.38157	-0.11016	0.02168	-0.43386	0.09294
Chryseobacterium	0.03563	0.03219	-0.14259	0.02168	-0.43386	0.09294
Planctopirus	0.04288	0.04888	0.18475	0.02168	0.43386	0.09294
Solwaraspora	0.0105	0.01371	0.35594	0.02168	0.43386	0.09294
Sphaerotilus	0.09158	0.07676	-0.25173	0.02168	-0.43386	0.09294
Nibricoccus	0.05571	0.04143	-0.41855	0.02168	-0.43386	0.09294
Xylophilus	0.03369	0.03031	-0.14778	0.02168	-0.43386	0.09294
Rubrobacter	0.06557	0.07167	0.12646	0.02334	0.42857	0.09901
Zavarzinella	0.1571	0.1878	0.25597	0.02334	0.42857	0.09901
Parasulfuritortus	0.01062	0.00963	-0.12768	0.02334	-0.42857	0.09901
Verminephrobacter	0.01739	0.01553	-0.15442	0.02511	-0.42328	0.10252
Microcoleus	0.01946	0.02199	0.16838	0.02511	0.42328	0.10252
Micromonospora	0.20848	0.25592	0.29453	0.02511	0.42328	0.10252
Paracoccus	0.16669	0.15242	-0.12831	0.02511	-0.42328	0.10252
Rhodoferax	0.20442	0.18414	-0.15	0.02511	-0.42328	0.10252
Planotetraspora	0.01358	0.01527	0.15857	0.02511	0.42328	0.10252
Stackebrandtia	0.00864	0.01029	0.22808	0.02511	0.42328	0.10252
Gemmobacter	0.01872	0.01598	-0.21555	0.02511	-0.42328	0.10252
Caballeronia	0.14898	0.14267	-0.06202	0.02511	-0.42328	0.10252
Dactylosporangium	0.05101	0.06273	0.29331	0.02511	0.42328	0.10252
Virgisporangium	0.03122	0.03829	0.28614	0.02511	0.42328	0.10252
Streptacidiphilus	0.01629	0.01831	0.15884	0.027	0.41799	0.10658
Okeania	0.01121	0.01193	0.08222	0.027	0.41799	0.10658
Lyngbya	0.00915	0.01016	0.13699	0.027	0.41799	0.10658
Methylobacterium	0.33571	0.32338	-0.05383	0.027	-0.41799	0.10658
Aeoliella	0.08745	0.09967	0.18662	0.027	0.41799	0.10658
Oleiharenicola	0.08648	0.06494	-0.40782	0.027	-0.41799	0.10658
Mycobacteroides	0.02457	0.03708	0.57448	0.027	0.41799	0.10658
Thalassospira	0.03337	0.03204	-0.05678	0.027	-0.41799	0.10658
Rhodoligotrophos	0.04403	0.04099	-0.10083	0.027	-0.41799	0.10658
Herbaspirillum	0.09336	0.08746	-0.09307	0.027	-0.41799	0.10658
Chthonobacter	0.02001	0.01785	-0.15657	0.02901	-0.4127	0.11049
Lichenifustis	0.01099	0.00973	-0.16025	0.02901	-0.4127	0.11049
Thermomonas	0.06136	0.058	-0.07987	0.02901	-0.4127	0.11049
Asanoa	0.0249	0.03032	0.27413	0.02901	0.4127	0.11049
Chitinolyticbacter	0.01106	0.01012	-0.11818	0.02901	-0.4127	0.11049
Chthonomonas	0.0151	0.01665	0.13243	0.02901	0.4127	0.11049
Thermodesulfovibrio	0.01128	0.01277	0.16482	0.02901	0.4127	0.11049
Kiloniella	0.0132	0.01234	-0.08973	0.02901	-0.4127	0.11049
Pirellulimonas	0.04225	0.04863	0.19861	0.02901	0.4127	0.11049
Alcanivorax	0.02872	0.02687	-0.0927	0.02901	-0.4127	0.11049
Pseudofulvimonas	0.01031	0.00932	-0.13183	0.02901	-0.4127	0.11049
Pseudaquabacterium	0.0929	0.07702	-0.26729	0.03115	-0.40741	0.1139
Albimonas	0.01558	0.01374	-0.16983	0.03115	-0.40741	0.1139
Janthinobacterium	0.07287	0.06913	-0.07507	0.03115	-0.40741	0.1139
Aureimonas	0.08229	0.07754	-0.08474	0.03115	-0.40741	0.1139
Tibeticola	0.01165	0.01001	-0.20029	0.03115	-0.40741	0.1139
Jeongeupia	0.01634	0.01524	-0.09447	0.03115	-0.40741	0.1139
Planctomicrobium	0.05987	0.06917	0.20512	0.03115	0.40741	0.1139
Bythopirellula	0.1159	0.13106	0.17594	0.03115	0.40741	0.1139
Methylocella	0.0304	0.02882	-0.07425	0.03115	-0.40741	0.1139
Campylobacter	0.0158	0.01724	0.11866	0.03115	0.40741	0.1139
Marinivivus	0.02137	0.01849	-0.19848	0.03115	-0.40741	0.1139
Mycoplana	0.03186	0.02388	-0.40159	0.03115	-0.40741	0.1139
Arboricoccus	0.01323	0.01087	-0.262	0.03115	-0.40741	0.1139
Muricoccus	0.02417	0.0229	-0.07462	0.03342	-0.40212	0.12
Caulobacter	0.19894	0.18843	-0.07791	0.03342	-0.40212	0.12
Thermomicrobium	0.01115	0.0126	0.16254	0.03342	0.40212	0.12
Ktedonosporobacter	0.01107	0.01266	0.17811	0.03342	0.40212	0.12
Lacipirellula	0.15626	0.17713	0.1798	0.03342	0.40212	0.12
Stappia	0.05659	0.05299	-0.09322	0.03342	-0.40212	0.12
Acaryochloris	0.01694	0.01853	0.12294	0.03583	0.39683	0.126
Sporosarcina	0.00988	0.01086	0.12421	0.03583	0.39683	0.126
Hylemonella	0.01654	0.01373	-0.25181	0.03583	-0.39683	0.126
Limimaricola	0.01077	0.00943	-0.1739	0.03583	-0.39683	0.126
Desulfonema	0.0114	0.01271	0.14512	0.03583	0.39683	0.126
Posidoniimonas	0.06025	0.06914	0.19549	0.03583	0.39683	0.126
Thermoflexus	0.02317	0.0264	0.18082	0.03583	0.39683	0.126
Glaciimonas	0.01946	0.018	-0.10677	0.03839	-0.39153	0.13151
Candidatus Chloroploca	0.02196	0.02419	0.13385	0.03839	0.39153	0.13151
Roseococcus	0.02309	0.02076	-0.14677	0.03839	-0.39153	0.13151
Pseudochelatococcus	0.01161	0.01063	-0.11644	0.03839	-0.39153	0.13151
Thermogutta	0.03734	0.04272	0.18942	0.03839	0.39153	0.13151
Aestuariivirga	0.09933	0.08265	-0.26227	0.03839	-0.39153	0.13151
Rubinisphaera	0.07293	0.08283	0.18126	0.03839	0.39153	0.13151
Roseibacillus	0.01286	0.01387	0.10191	0.03839	0.39153	0.13151
Candidatus Binatus	0.08805	0.09416	0.09565	0.03839	0.39153	0.13151
Lacunisphaera	0.06452	0.05141	-0.32225	0.04111	-0.38624	0.13881
Actinocrinis	0.01711	0.01922	0.15889	0.04111	0.38624	0.13881
Methyloligella	0.04315	0.05116	0.24043	0.04111	0.38624	0.13881
Aquincola	0.05405	0.04593	-0.23006	0.04111	-0.38624	0.13881
Catelliglobosispora	0.00798	0.01122	0.44501	0.04111	0.38624	0.13881
Symmachiella	0.09974	0.11124	0.15591	0.04398	0.38095	0.14644
Glacieibacterium	0.01188	0.01154	-0.03924	0.04398	-0.38095	0.14644
Microcystis	0.01722	0.01893	0.1294	0.04398	0.38095	0.14644
Chlorobium	0.02241	0.025	0.1518	0.04398	0.38095	0.14644
Catellatospora	0.04757	0.05798	0.28001	0.04398	0.38095	0.14644
Novipirellula	0.08948	0.09985	0.15656	0.04702	0.37566	0.15569
Usitatibacter	0.29954	0.25733	-0.21837	0.04702	-0.37566	0.15569
Kamptonema	0.01093	0.01175	0.09576	0.05024	0.37037	0.16406
Agrobacterium	0.04143	0.03532	-0.22441	0.05024	-0.37037	0.16406
Lacisediminimonas	0.02039	0.0191	-0.0896	0.05024	-0.37037	0.16406
Ideonella	0.24958	0.20887	-0.2558	0.05024	-0.37037	0.16406
Sediminibacterium	0.04163	0.03617	-0.19783	0.05024	-0.37037	0.16406
Enterococcus	0.01547	0.0166	0.09596	0.05364	0.36508	0.1714
Pseudovibrio	0.01804	0.01731	-0.05666	0.05364	-0.36508	0.1714
Oryzomicrobium	0.01956	0.01765	-0.14047	0.05364	-0.36508	0.1714
Candidatus Segetimicrobium	0.0814	0.08939	0.13338	0.05364	0.36508	0.1714
Parachitinimonas	0.01053	0.00968	-0.1105	0.05364	-0.36508	0.1714
Aureliella	0.0311	0.03465	0.15124	0.05364	0.36508	0.1714
Pseudaminobacter	0.08258	0.0727	-0.1815	0.05364	-0.36508	0.1714
Stutzerimonas	0.04566	0.04404	-0.05123	0.05364	-0.36508	0.1714
Photobacterium	0.02603	0.02725	0.06381	0.05722	0.35979	0.17717
Syntrophobacter	0.02451	0.02682	0.12523	0.05722	0.35979	0.17717
Maritimibacter	0.01463	0.01349	-0.10893	0.05722	-0.35979	0.17717
Planctomyces	0.17133	0.19355	0.17498	0.05722	0.35979	0.17717
Aporhodopirellula	0.01926	0.02179	0.16965	0.05722	0.35979	0.17717
Thermohalobaculum	0.01809	0.01623	-0.1485	0.05722	-0.35979	0.17717
Botrimarina	0.0575	0.06407	0.15371	0.05722	0.35979	0.17717
Methanosarcina	0.02069	0.02243	0.1111	0.05722	0.35979	0.17717
Ruegeria	0.05001	0.0482	-0.05205	0.05722	-0.35979	0.17717
Winogradskyella	0.012	0.01315	0.12168	0.05722	0.35979	0.17717
Thalassoroseus	0.04591	0.05133	0.15778	0.05722	0.35979	0.17717
Chryseosolibacter	0.12823	0.11161	-0.19855	0.05722	-0.35979	0.17717
Roseovarius	0.05297	0.04954	-0.0947	0.06101	-0.3545	0.18647
Aquabacterium	0.28886	0.24931	-0.21162	0.06101	-0.3545	0.18647
Limnochorda	0.01118	0.01178	0.06953	0.06101	0.3545	0.18647
Pararhizobium	0.0377	0.03518	-0.09737	0.06101	-0.3545	0.18647
Micavibrio	0.02635	0.02273	-0.20447	0.06101	-0.3545	0.18647
Neobacillus	0.01737	0.0211	0.26641	0.065	0.34921	0.19322
Neorhodopirellula	0.0201	0.0221	0.13045	0.065	0.34921	0.19322
Mariniblastus	0.02382	0.0263	0.13708	0.065	0.34921	0.19322
Candidatus Kentrum	0.04647	0.04977	0.09689	0.065	0.34921	0.19322
Pannonibacter	0.01588	0.01513	-0.06495	0.065	-0.34921	0.19322
Tepidimonas	0.04257	0.03827	-0.15006	0.065	-0.34921	0.19322
Schlesneria	0.08777	0.09893	0.17092	0.065	0.34921	0.19322
Allosphingosinicella	0.06937	0.0606	-0.19186	0.065	-0.34921	0.19322
Candidatus Scalindua	0.01467	0.01626	0.13934	0.065	0.34921	0.19322
Desulforhabdus	0.02146	0.02363	0.13306	0.065	0.34921	0.19322
Aeromonas	0.06067	0.04166	-0.53165	0.065	-0.34921	0.19322
Thermalbibacter	0.00924	0.01076	0.199	0.0692	0.34392	0.2012
Oceanibacterium	0.02047	0.01941	-0.07308	0.0692	-0.34392	0.2012
Embleya	0.01124	0.01231	0.1208	0.0692	0.34392	0.2012
Roseisolibacter	0.12545	0.13466	0.10143	0.0692	0.34392	0.2012
Stratiformator	0.01965	0.02287	0.20902	0.0692	0.34392	0.2012
Planosporangium	0.01667	0.02095	0.3128	0.0692	0.34392	0.2012
Labrys	0.09888	0.09211	-0.10132	0.0692	-0.34392	0.2012
Solitalea	0.03871	0.03418	-0.1746	0.0692	-0.34392	0.2012
Microbaculum	0.02426	0.0227	-0.09201	0.0692	-0.34392	0.2012
Candidatus Endolissoclinum	0.0154	0.01682	0.11971	0.07363	0.33862	0.21047
Rudaea	0.03236	0.03019	-0.0972	0.07363	-0.33862	0.21047
Methylosinus	0.03159	0.03087	-0.03225	0.07363	-0.33862	0.21047
Hamadaea	0.01656	0.02048	0.29038	0.07363	0.33862	0.21047
Lampropedia	0.01	0.00902	-0.13505	0.07363	-0.33862	0.21047
Ohtaekwangia	0.07651	0.06618	-0.20636	0.07363	-0.33862	0.21047
Archangium	0.24784	0.23712	-0.06357	0.07363	-0.33862	0.21047
Brevifollis	0.03524	0.03712	0.07303	0.07828	0.33333	0.22008
Aliihoeflea	0.0129	0.01113	-0.19677	0.07828	-0.33333	0.22008
Sporocytophaga	0.01125	0.01011	-0.14163	0.07828	-0.33333	0.22008
Roseivirga	0.01869	0.01735	-0.10171	0.07828	-0.33333	0.22008
Candidatus Palauibacter	0.05043	0.05449	0.10958	0.07828	0.33333	0.22008
Denitrobaculum	0.01068	0.01032	-0.04596	0.07828	-0.33333	0.22008
Urbifossiella	0.18521	0.20891	0.17287	0.07828	0.33333	0.22008
Deinococcus	0.13376	0.14062	0.07164	0.08317	0.32804	0.22687
Pseudooceanicola	0.01925	0.01791	-0.09906	0.08317	-0.32804	0.22687
Sphaerobacter	0.02979	0.03374	0.17436	0.08317	0.32804	0.22687
Salmonella	0.03539	0.03356	-0.07458	0.08317	-0.32804	0.22687
Pandoraea	0.07388	0.07117	-0.05323	0.08317	-0.32804	0.22687
Thalassoglobus	0.06934	0.08296	0.25533	0.08317	0.32804	0.22687
Chloroflexus	0.03228	0.03519	0.12091	0.08317	0.32804	0.22687
Cognatundibacterium	0.01617	0.01538	-0.06788	0.08317	-0.32804	0.22687
Maioricimonas	0.10076	0.12534	0.31212	0.08317	0.32804	0.22687
Oceanibaculum	0.03586	0.03408	-0.07139	0.08317	-0.32804	0.22687
Noviherbaspirillum	0.23063	0.22176	-0.05635	0.08317	-0.32804	0.22687
Leptolyngbya	0.17157	0.17852	0.05695	0.08317	0.32804	0.22687
Methanothrix	0.01247	0.01353	0.10953	0.08317	0.32804	0.22687
Camelimonas	0.01055	0.01023	-0.04056	0.08831	-0.32275	0.23549
Paraliomyxa	0.07819	0.08705	0.1531	0.08831	0.32275	0.23549
Dawidia	0.03364	0.02987	-0.16656	0.08831	-0.32275	0.23549
Rubripirellula	0.05204	0.05679	0.12383	0.08831	0.32275	0.23549
Chitinimonas	0.04842	0.04586	-0.07663	0.08831	-0.32275	0.23549
Calidithermus	0.02245	0.02489	0.143	0.08831	0.32275	0.23549
Limnobacter	0.01921	0.01802	-0.08717	0.08831	-0.32275	0.23549
Rhodopirellula	0.05445	0.05939	0.12327	0.08831	0.32275	0.23549
Rhodobacter	0.02521	0.0233	-0.10919	0.08831	-0.32275	0.23549
Haliea	0.03021	0.02812	-0.0999	0.08831	-0.32275	0.23549
Burkholderia	0.29352	0.28515	-0.0416	0.09369	-0.31746	0.24174
Methylophilus	0.01827	0.01728	-0.07617	0.09369	-0.31746	0.24174
Paraflavitalea	0.05934	0.05512	-0.10437	0.09369	-0.31746	0.24174
Vulcaniibacterium	0.01872	0.01761	-0.08308	0.09369	-0.31746	0.24174
Cohnella	0.03582	0.03761	0.06843	0.09369	0.31746	0.24174
Sphingorhabdus	0.02105	0.01922	-0.12498	0.09369	-0.31746	0.24174
Rhodohalobacter	0.01782	0.01877	0.07145	0.09369	0.31746	0.24174
Methylocystis	0.08188	0.07948	-0.04228	0.09369	-0.31746	0.24174
Frateuria	0.02834	0.02686	-0.07468	0.09369	-0.31746	0.24174
Dokdonella	0.11878	0.11444	-0.05322	0.09369	-0.31746	0.24174
Glutamicibacter	0.02182	0.02727	0.30888	0.09369	0.31746	0.24174
Fervidibacter	0.01166	0.0132	0.16504	0.09369	0.31746	0.24174
Synechococcus	0.0637	0.06722	0.0765	0.09369	0.31746	0.24174
Prosthecobacter	0.21185	0.22429	0.0819	0.09369	0.31746	0.24174
Fundidesulfovibrio	0.0135	0.01487	0.13026	0.09369	0.31746	0.24174
Sinimarinibacterium	0.03592	0.03517	-0.02986	0.09934	-0.31217	0.25357
Candidatus Nephthysia	0.01102	0.01193	0.10499	0.09934	0.31217	0.25357
Kallotenue	0.0214	0.02381	0.14741	0.09934	0.31217	0.25357
Flavihumibacter	0.13305	0.11859	-0.16473	0.09934	-0.31217	0.25357
Sterolibacterium	0.01192	0.01089	-0.11998	0.09934	-0.31217	0.25357
Zeimonas	0.03964	0.03648	-0.11695	0.10526	-0.30688	0.2587
Pusillimonas	0.03467	0.03368	-0.04068	0.10526	-0.30688	0.2587
Treponema	0.01915	0.02092	0.12134	0.10526	0.30688	0.2587
Pseudobythopirellula	0.02494	0.02727	0.12389	0.10526	0.30688	0.2587
Thiomonas	0.07531	0.0695	-0.11429	0.10526	-0.30688	0.2587
Azotobacter	0.05531	0.02511	-1.10906	0.10526	-0.30688	0.2587
Jiella	0.02274	0.02159	-0.07173	0.10526	-0.30688	0.2587
Thermobaculum	0.01059	0.01146	0.10546	0.10526	0.30688	0.2587
Pedobacter	0.13011	0.12452	-0.06291	0.10526	-0.30688	0.2587
Roseicella	0.02798	0.02666	-0.06744	0.10526	-0.30688	0.2587
Agromyces	0.15703	0.19375	0.30148	0.10526	0.30688	0.2587
Halovulum	0.01138	0.00955	-0.22977	0.10526	-0.30688	0.2587
Lysobacter	0.275	0.24422	-0.17056	0.10526	-0.30688	0.2587
Methylogaea	0.01078	0.00963	-0.14859	0.10526	-0.30688	0.2587
Scleromatobacter	0.01822	0.01678	-0.11283	0.10526	-0.30688	0.2587
Oricola	0.02856	0.02627	-0.11624	0.10526	-0.30688	0.2587
Methanoculleus	0.01828	0.01986	0.1141	0.10526	0.30688	0.2587
Rhodocyclus	0.02866	0.02651	-0.10869	0.10526	-0.30688	0.2587
Caldithrix	0.04315	0.04584	0.08545	0.11145	0.30159	0.26784
Chitinophaga	0.17782	0.17074	-0.05835	0.11145	-0.30159	0.26784
Adhaeretor	0.03752	0.04167	0.14779	0.11145	0.30159	0.26784
Desulfosarcina	0.03898	0.04147	0.08738	0.11145	0.30159	0.26784
Dictyobacter	0.03995	0.04284	0.09839	0.11145	0.30159	0.26784
Methylibium	0.25123	0.21311	-0.23637	0.11145	-0.30159	0.26784
Pinibacter	0.01512	0.0136	-0.14259	0.11145	-0.30159	0.26784
Thermogemmatispora	0.01884	0.02044	0.11141	0.11145	0.30159	0.26784
Banduia	0.01044	0.01016	-0.03585	0.11145	-0.30159	0.26784
Parafilimonas	0.01159	0.0103	-0.15658	0.11145	-0.30159	0.26784
Amaricoccus	0.46643	0.32714	-0.51043	0.11145	-0.30159	0.26784
Pararhodobacter	0.01697	0.01549	-0.12391	0.11793	-0.2963	0.28002
Ralstonia	0.07788	0.07572	-0.04012	0.11793	-0.2963	0.28002
Rhodovastum	0.01357	0.01302	-0.05549	0.11793	-0.2963	0.28002
Elstera	0.01349	0.01257	-0.09387	0.11793	-0.2963	0.28002
Levilinea	0.0117	0.01374	0.21532	0.11793	0.2963	0.28002
Pseudogulbenkiania	0.01934	0.0182	-0.08311	0.11793	-0.2963	0.28002
Luteimonas	0.14856	0.14297	-0.05492	0.12469	-0.29101	0.28861
Sulfuritortus	0.01333	0.01241	-0.09523	0.12469	-0.29101	0.28861
Kolteria	0.03856	0.04186	0.11542	0.12469	0.29101	0.28861
Sulfuriferula	0.05334	0.04995	-0.09299	0.12469	-0.29101	0.28861
Ferruginibacter	0.04019	0.03569	-0.16687	0.12469	-0.29101	0.28861
Qipengyuania	0.03116	0.02902	-0.09952	0.12469	-0.29101	0.28861
Filimonas	0.01489	0.0134	-0.14246	0.12469	-0.29101	0.28861
Haliscomenobacter	0.02322	0.01909	-0.2699	0.12469	-0.29101	0.28861
Moorena	0.0156	0.01675	0.09694	0.12469	0.29101	0.28861
Dyella	0.15906	0.15392	-0.04713	0.12469	-0.29101	0.28861
Microbacterium	0.28258	0.31205	0.14267	0.12469	0.29101	0.28861
Chryseotalea	0.06253	0.05342	-0.22343	0.12469	-0.29101	0.28861
Sphingosinicella	0.20541	0.17606	-0.22126	0.12469	-0.29101	0.28861
Lautropia	0.04681	0.04343	-0.1057	0.13176	-0.28571	0.29634
Pararobbsia	0.01933	0.01896	-0.02673	0.13176	-0.28571	0.29634
Calothrix	0.02942	0.03177	0.10745	0.13176	0.28571	0.29634
Candidatus Nitrosopolaris	0.01952	0.02645	0.42029	0.13176	0.28571	0.29634
Phytohabitans	0.0495	0.05931	0.25614	0.13176	0.28571	0.29634
Noviluteimonas	0.02256	0.02061	-0.12478	0.13176	-0.28571	0.29634
Coraliomargarita	0.01249	0.01372	0.12647	0.13176	0.28571	0.29634
Candidatus Udaeobacter	0.06234	0.07846	0.32718	0.13176	0.28571	0.29634
Sphingomonas	1.54415	1.33085	-0.21431	0.13176	-0.28571	0.29634
Oleiagrimonas	0.01562	0.0149	-0.06374	0.13176	-0.28571	0.29634
Prosthecodimorpha	0.02781	0.0268	-0.0512	0.13176	-0.28571	0.29634
Pelotomaculum	0.01471	0.01588	0.10434	0.13176	0.28571	0.29634
Fulvivirga	0.05098	0.04647	-0.13104	0.13176	-0.28571	0.29634
Rhodovibrio	0.01108	0.01056	-0.06381	0.13176	-0.28571	0.29634
Streptococcus	0.0178	0.0193	0.11123	0.13176	0.28571	0.29634
Paraburkholderia	0.4633	0.4515	-0.03715	0.13913	-0.28042	0.30543
Caenispirillum	0.01887	0.01875	-0.00843	0.13913	-0.28042	0.30543
Candidatus Methylomirabilis	0.07055	0.07621	0.10987	0.13913	0.28042	0.30543
Flavobacterium	0.53721	0.47765	-0.16919	0.13913	-0.28042	0.30543
Azohydromonas	0.21648	0.18824	-0.2007	0.13913	-0.28042	0.30543
Bdellovibrio	0.05055	0.04739	-0.09119	0.13913	-0.28042	0.30543
Acaulospora	0.02296	0.00609	-1.75649	0.13913	-0.28042	0.30543
Pseudochryseolinea	0.05617	0.05081	-0.14211	0.13913	-0.28042	0.30543
Gemmatimonas	0.48433	0.51218	0.08051	0.13913	0.28042	0.30543
Halopseudomonas	0.02225	0.02093	-0.08442	0.13913	-0.28042	0.30543
Martinezella	0.0219	0.02074	-0.07508	0.13913	-0.28042	0.30543
Rubrivirga	0.02697	0.02879	0.09059	0.13913	0.28042	0.30543
Methylobrevis	0.01606	0.01518	-0.07633	0.13913	-0.28042	0.30543
Longimicrobium	0.12643	0.1354	0.09819	0.14682	0.27513	0.31591
Chryseolinea	0.38496	0.34846	-0.14332	0.14682	-0.27513	0.31591
Chloracidobacterium	0.05379	0.05707	0.08395	0.14682	0.27513	0.31591
Flavilitoribacter	0.01274	0.01333	0.06089	0.14682	0.27513	0.31591
Geopseudomonas	0.01959	0.01003	-0.90004	0.14682	-0.27513	0.31591
Uliginosibacterium	0.03317	0.03104	-0.0926	0.14682	-0.27513	0.31591
Aminobacter	0.09311	0.08229	-0.17636	0.14682	-0.27513	0.31591
Taklimakanibacter	0.14634	0.12986	-0.17109	0.14682	-0.27513	0.31591
Sutterella	0.01871	0.01793	-0.0583	0.14682	-0.27513	0.31591
Bordetella	0.16053	0.15544	-0.04624	0.14682	-0.27513	0.31591
Tabrizicola	0.02872	0.02561	-0.15965	0.14682	-0.27513	0.31591
Nordella	0.23538	0.21305	-0.14313	0.15483	-0.26984	0.3255
Pigmentiphaga	0.08252	0.08006	-0.04317	0.15483	-0.26984	0.3255
Phormidium	0.01347	0.01402	0.05414	0.15483	0.26984	0.3255
Flavitalea	0.01042	0.00943	-0.13081	0.15483	-0.26984	0.3255
Geomonas	0.05907	0.06273	0.08531	0.15483	0.26984	0.3255
Calycomorphotria	0.01892	0.02087	0.13455	0.15483	0.26984	0.3255
Phenylobacterium	0.58149	0.55414	-0.06938	0.15483	-0.26984	0.3255
Candidatus Parabeggiatoa	0.0171	0.01798	0.06865	0.15483	0.26984	0.3255
Brevibacillus	0.03706	0.03849	0.05345	0.15483	0.26984	0.3255
Marinobacter	0.12597	0.12285	-0.03584	0.15483	-0.26984	0.3255
Deferrisoma	0.00942	0.01031	0.11785	0.15483	0.26984	0.3255
Cereibacter	0.01723	0.01495	-0.19267	0.15483	-0.26984	0.3255
Shumkonia	0.0183	0.01723	-0.08215	0.15483	-0.26984	0.3255
Reichenbachiella	0.01265	0.01169	-0.10601	0.16317	-0.26455	0.33708
Parachryseolinea	0.01062	0.00942	-0.15754	0.16317	-0.26455	0.33708
Rhodothermus	0.02012	0.02135	0.08161	0.16317	0.26455	0.33708
Beijerinckia	0.03777	0.03636	-0.05348	0.16317	-0.26455	0.33708
Rugosibacter	0.01682	0.01633	-0.04043	0.16317	-0.26455	0.33708
Dyadobacter	0.09349	0.08922	-0.0668	0.16317	-0.26455	0.33708
Nitrolancea	0.01592	0.01723	0.10689	0.16317	0.26455	0.33708
Niveispirillum	0.0206	0.02006	-0.03693	0.16317	-0.26455	0.33708
Niabella	0.0343	0.0321	-0.09303	0.16317	-0.26455	0.33708
Rhodobium	0.0132	0.01247	-0.07607	0.16317	-0.26455	0.33708
Puia	0.01918	0.01721	-0.14791	0.17183	-0.25926	0.34599
Thiorhodovibrio	0.01273	0.01379	0.10691	0.17183	0.25926	0.34599
Bellilinea	0.02052	0.02281	0.1462	0.17183	0.25926	0.34599
Roseicyclus	0.01468	0.0135	-0.11199	0.17183	-0.25926	0.34599
Ferruginivarius	0.01318	0.01261	-0.05895	0.17183	-0.25926	0.34599
Sulfuriflexus	0.01028	0.01006	-0.02913	0.17183	-0.25926	0.34599
Desulfofundulus	0.01018	0.0109	0.08959	0.17183	0.25926	0.34599
Gemmatirosa	0.14582	0.15457	0.08345	0.17183	0.25926	0.34599
Sphingomicrobium	0.01949	0.01609	-0.26166	0.17183	-0.25926	0.34599
Candidatus Moduliflexus	0.01279	0.01402	0.12255	0.17183	0.25926	0.34599
Saccharomycodes	0.06123	0.27894	2.16941	0.17183	0.25926	0.34599
Alicyclobacillus	0.02703	0.02879	0.08754	0.17183	0.25926	0.34599
Simiduia	0.01214	0.01145	-0.07766	0.17183	-0.25926	0.34599
Tumebacillus	0.01207	0.01296	0.09511	0.17183	0.25926	0.34599
Leisingera	0.01044	0.00993	-0.066	0.17183	-0.25926	0.34599
Peribacillus	0.01432	0.02322	0.66122	0.18084	0.25397	0.35455
Paenalicyclobacillus	0.02516	0.02688	0.092	0.18084	0.25397	0.35455
Aquamicrobium	0.02869	0.0257	-0.15316	0.18084	-0.25397	0.35455
Neorhizobium	0.03718	0.03464	-0.0995	0.18084	-0.25397	0.35455
Spectribacter	0.01107	0.01055	-0.06387	0.18084	-0.25397	0.35455
Stigmatella	0.04623	0.04459	-0.05114	0.18084	-0.25397	0.35455
Lichenibacterium	0.01944	0.01873	-0.05152	0.18084	-0.25397	0.35455
Desulfovibrio	0.0556	0.0583	0.06721	0.18084	0.25397	0.35455
Vitreoscilla	0.01157	0.01085	-0.08469	0.18084	-0.25397	0.35455
Dongia	0.23729	0.21655	-0.13136	0.18084	-0.25397	0.35455
Citrobacter	0.01815	0.01699	-0.0902	0.18084	-0.25397	0.35455
Chromobacterium	0.03241	0.03227	-0.00589	0.18084	-0.25397	0.35455
Marivirga	0.01043	0.00958	-0.11137	0.18084	-0.25397	0.35455
Telmatospirillum	0.03661	0.03575	-0.0336	0.18084	-0.25397	0.35455
Aquicella	0.02463	0.02836	0.1961	0.18084	0.25397	0.35455
Pseudazoarcus	0.01151	0.01086	-0.0776	0.18084	-0.25397	0.35455
Erythrobacter	0.06745	0.06507	-0.05109	0.1902	-0.24868	0.36509
Paraflavisolibacter	0.03442	0.03187	-0.10762	0.1902	-0.24868	0.36509
Chitinilyticum	0.01146	0.01116	-0.03554	0.1902	-0.24868	0.36509
Ciceribacter	0.01097	0.01038	-0.07326	0.1902	-0.24868	0.36509
Cognatilysobacter	0.0207	0.02014	-0.03797	0.1902	-0.24868	0.36509
Nitrosomonas	0.314	0.29793	-0.07555	0.1902	-0.24868	0.36509
Candidatus Vecturithrix	0.01256	0.01339	0.08615	0.1902	0.24868	0.36509
Candidatus Kryptobacter	0.0486	0.02327	-1.03096	0.1902	-0.24868	0.36509
Oligoflexus	0.02485	0.02361	-0.07089	0.1902	-0.24868	0.36509
Orrella	0.01718	0.01661	-0.04621	0.1902	-0.24868	0.36509
Sneathiella	0.04495	0.0437	-0.03985	0.1902	-0.24868	0.36509
Fontimonas	0.01155	0.01116	-0.04608	0.1902	-0.24868	0.36509
Solilutibacter	0.01031	0.01012	-0.02352	0.1902	-0.24868	0.36509
Opitutus	0.2196	0.20417	-0.10462	0.19991	-0.24339	0.37704
Ahniella	0.01626	0.01541	-0.07317	0.19991	-0.24339	0.37704
Pseudomarimonas	0.0204	0.01917	-0.08518	0.19991	-0.24339	0.37704
Silvimonas	0.01582	0.01531	-0.04479	0.19991	-0.24339	0.37704
Rugosimonospora	0.01006	0.01203	0.23675	0.19991	0.24339	0.37704
Luteolibacter	0.16108	0.15098	-0.09282	0.19991	-0.24339	0.37704
Candidatus Korobacter	0.04259	0.04477	0.07049	0.19991	0.24339	0.37704
Rubrivivax	0.29767	0.25397	-0.22822	0.19991	-0.24339	0.37704
Niveibacterium	0.04294	0.0405	-0.08258	0.19991	-0.24339	0.37704
Alienimonas	0.02751	0.02971	0.10736	0.19991	0.24339	0.37704
Roseobacter	0.02478	0.02368	-0.06281	0.19991	-0.24339	0.37704
Longilinea	0.01171	0.01329	0.16944	0.20997	0.2381	0.38446
Methylorubrum	0.02185	0.02117	-0.0434	0.20997	-0.2381	0.38446
Phragmitibacter	0.02598	0.02518	-0.04322	0.20997	-0.2381	0.38446
Polynucleobacter	0.10402	0.10032	-0.05173	0.20997	-0.2381	0.38446
Armatimonas	0.03752	0.039	0.05467	0.20997	0.2381	0.38446
Dechloromonas	0.09387	0.08896	-0.07661	0.20997	-0.2381	0.38446
Methylotenera	0.03286	0.03082	-0.08967	0.20997	-0.2381	0.38446
Candidatus Sulfotelmatobacter	0.0404	0.04235	0.06654	0.20997	0.2381	0.38446
Rubellimicrobium	0.03008	0.02822	-0.08894	0.20997	-0.2381	0.38446
Permianibacter	0.04243	0.0363	-0.21951	0.20997	-0.2381	0.38446
Tepidamorphus	0.02278	0.02137	-0.08821	0.20997	-0.2381	0.38446
Desulfobacca	0.01046	0.01123	0.09381	0.20997	0.2381	0.38446
Desulfobacterium	0.01732	0.01832	0.07727	0.20997	0.2381	0.38446
Hydrocarboniphaga	0.04505	0.04351	-0.04908	0.20997	-0.2381	0.38446
Siccirubricoccus	0.0406	0.03945	-0.04048	0.20997	-0.2381	0.38446
Nitrososphaera	0.04982	0.06189	0.30738	0.20997	0.2381	0.38446
Psychrobacter	0.01413	0.01404	-0.00872	0.20997	-0.2381	0.38446
Jannaschia	0.02862	0.0275	-0.05566	0.20997	-0.2381	0.38446
Desulfarculus	0.0098	0.01074	0.12008	0.20997	0.2381	0.38446
Azospirillum	0.29584	0.29233	-0.01718	0.2204	-0.2328	0.3927
Bacteroides	0.03984	0.04121	0.0474	0.2204	0.2328	0.3927
Fodinicurvata	0.01026	0.0101	-0.02076	0.2204	-0.2328	0.3927
Ferrovum	0.02739	0.02632	-0.05523	0.2204	-0.2328	0.3927
Hyphomonas	0.05186	0.05125	-0.0166	0.2204	-0.2328	0.3927
Gilvimarinus	0.0153	0.01446	-0.07639	0.2204	-0.2328	0.3927
Occallatibacter	0.06984	0.07387	0.0797	0.2204	0.2328	0.3927
Singulisphaera	0.23025	0.25016	0.11917	0.2204	0.2328	0.3927
Mizugakiibacter	0.01209	0.01194	-0.01727	0.2204	-0.2328	0.3927
Candidatus Sulfopaludibacter	0.56001	0.59049	0.07632	0.2204	0.2328	0.3927
Oscillochloris	0.03	0.03183	0.08276	0.2204	0.2328	0.3927
Desulfatiglans	0.00981	0.01055	0.09504	0.2204	0.2328	0.3927
Candidatus Andeanibacterium	0.01521	0.01356	-0.15439	0.2204	-0.2328	0.3927
Paenibacillus	0.28048	0.28933	0.0447	0.2204	0.2328	0.3927
Segetibacter	0.03535	0.03363	-0.06986	0.2204	-0.2328	0.3927
Rugositalea	1.02384	0.94334	-0.11802	0.2204	-0.2328	0.3927
Ensifer	0.10148	0.0872	-0.21651	0.2204	-0.2328	0.3927
Nisaea	0.02392	0.02366	-0.015	0.2204	-0.2328	0.3927
Halorhodospira	0.02042	0.01967	-0.05161	0.23119	-0.22751	0.40526
Albidovulum	0.02786	0.02564	-0.11564	0.23119	-0.22751	0.40526
Magnetospirillum	0.06739	0.06648	-0.01936	0.23119	-0.22751	0.40526
Colwellia	0.01639	0.01572	-0.05697	0.23119	-0.22751	0.40526
Candidatus Jettenia	0.0174	0.01845	0.08023	0.23119	0.22751	0.40526
Vogesella	0.01999	0.01923	-0.05307	0.23119	-0.22751	0.40526
Sulfidibacter	0.0189	0.01965	0.05337	0.23119	0.22751	0.40526
Tepidiforma	0.06693	0.07381	0.13925	0.23119	0.22751	0.40526
Aurantiacibacter	0.04084	0.03743	-0.1229	0.23119	-0.22751	0.40526
Tunturiibacter	0.03948	0.04135	0.06538	0.23119	0.22751	0.40526
Granulicella	0.15654	0.16294	0.0574	0.23119	0.22751	0.40526
Shewanella	0.06045	0.05925	-0.02829	0.24235	-0.22222	0.41989
Erwinia	0.01004	0.00957	-0.06249	0.24235	-0.22222	0.41989
Candidatus Kuenenia	0.03503	0.02173	-0.66449	0.24235	0.22222	0.41989
Lutibaculum	0.0134	0.01286	-0.05564	0.24235	-0.22222	0.41989
Verticiella	0.01933	0.01867	-0.04746	0.24235	-0.22222	0.41989
Reticulibacter	0.01556	0.01638	0.06947	0.24235	0.22222	0.41989
Tianweitania	0.01642	0.01506	-0.11687	0.24235	-0.22222	0.41989
Tautonia	0.29773	0.32163	0.111	0.24235	0.22222	0.41989
Nitratireductor	0.10031	0.09446	-0.08588	0.25389	-0.21693	0.43172
Solidesulfovibrio	0.01887	0.01958	0.05108	0.25389	0.21693	0.43172
Panacibacter	0.03302	0.02971	-0.14772	0.25389	-0.21693	0.43172
Borborobacter	0.02312	0.02101	-0.13203	0.25389	-0.21693	0.43172
Quisquiliibacterium	0.02556	0.02407	-0.08376	0.25389	-0.21693	0.43172
Tateyamaria	0.01357	0.01293	-0.06457	0.25389	-0.21693	0.43172
Sulfuritalea	0.03608	0.03439	-0.06738	0.25389	-0.21693	0.43172
Nostoc	0.10592	0.11109	0.0681	0.25389	0.21693	0.43172
Neomoorella	0.01539	0.01617	0.06727	0.25389	0.21693	0.43172
Chroococcidiopsis	0.01268	0.01339	0.07281	0.25389	0.21693	0.43172
Desulfosporosinus	0.01689	0.01759	0.05572	0.25389	0.21693	0.43172
Andreprevotia	0.01728	0.01673	-0.04431	0.25389	-0.21693	0.43172
Sinorhizobium	0.14309	0.13225	-0.11284	0.25389	-0.21693	0.43172
Cohaesibacter	0.02183	0.02129	-0.03427	0.2658	-0.21164	0.44624
Cerasicoccus	0.0128	0.01357	0.07781	0.2658	0.21164	0.44624
Lichenihabitans	0.01392	0.01379	-0.0123	0.2658	-0.21164	0.44624
Meiothermus	0.03955	0.04123	0.05878	0.2658	0.21164	0.44624
Pontiella	0.0122	0.01352	0.1382	0.2658	0.21164	0.44624
Ferriphaselus	0.012	0.01143	-0.06524	0.2658	-0.21164	0.44624
Kouleothrix	0.0413	0.04369	0.07905	0.2658	0.21164	0.44624
Plastoroseomonas	0.02347	0.02206	-0.08552	0.2658	-0.21164	0.44624
Neolewinella	0.01709	0.01776	0.05292	0.2658	0.21164	0.44624
Candidimonas	0.02831	0.02749	-0.04105	0.27809	-0.20635	0.45659
Paracidobacterium	0.01669	0.01772	0.08135	0.27809	0.20635	0.45659
Croceicoccus	0.02638	0.0251	-0.06895	0.27809	-0.20635	0.45659
Skermanella	0.07487	0.0737	-0.02241	0.27809	-0.20635	0.45659
Rheinheimera	0.02571	0.02525	-0.02497	0.27809	-0.20635	0.45659
Pseudacidobacterium	0.01122	0.01162	0.04645	0.27809	0.20635	0.45659
Pontibacter	0.0882	0.08486	-0.05501	0.27809	-0.20635	0.45659
Thermus	0.02959	0.03089	0.06006	0.27809	0.20635	0.45659
Azovibrio	0.01604	0.01577	-0.02296	0.27809	-0.20635	0.45659
Sulfitobacter	0.03474	0.03375	-0.04066	0.27809	-0.20635	0.45659
Paramagnetospirillum	0.02049	0.02007	-0.02844	0.27809	-0.20635	0.45659
Propylenella	0.04719	0.04965	0.07196	0.27809	0.20635	0.45659
Oleomonas	0.01241	0.01189	-0.05768	0.27809	-0.20635	0.45659
Arcicella	0.01012	0.00981	-0.04086	0.27809	-0.20635	0.45659
Rubritalea	0.00974	0.0101	0.04677	0.27809	0.20635	0.45659
Acuticoccus	0.04968	0.04832	-0.03947	0.27809	-0.20635	0.45659
Luteibacter	0.04011	0.0395	-0.02152	0.29077	-0.20106	0.46585
Serratia	0.02134	0.02046	-0.0583	0.29077	-0.20106	0.46585
Altererythrobacter	0.13415	0.12534	-0.0973	0.29077	-0.20106	0.46585
Leptospirillum	0.01405	0.01494	0.08209	0.29077	0.20106	0.46585
Catalinimonas	0.02259	0.02331	0.04351	0.29077	0.20106	0.46585
Nevskia	0.10675	0.10455	-0.02974	0.29077	-0.20106	0.46585
Tsuneonella	0.02547	0.02332	-0.12263	0.29077	-0.20106	0.46585
Agaricicola	0.01261	0.01213	-0.05124	0.29077	-0.20106	0.46585
Sulfobacillus	0.01556	0.0161	0.04671	0.29077	0.20106	0.46585
Blastomonas	0.01023	0.00964	-0.0782	0.29077	-0.20106	0.46585
Candidatus Brocadia	0.06016	0.06333	0.07286	0.29077	0.20106	0.46585
Taibaiella	0.01663	0.01552	-0.09446	0.29077	-0.20106	0.46585
Candidatus Sulfuritelmatomonas	0.02522	0.0267	0.07929	0.29077	0.20106	0.46585
Flagellimonas	0.01707	0.01718	0.00903	0.29077	0.20106	0.46585
Thioalbus	0.01862	0.01805	-0.04259	0.29077	-0.20106	0.46585
Gluconacetobacter	0.01358	0.01343	-0.01403	0.29077	-0.20106	0.46585
Isosphaera	0.03925	0.0429	0.1251	0.29077	0.20106	0.46585
Nitrospirillum	0.02689	0.02594	-0.04988	0.29077	-0.20106	0.46585
Rhizomicrobium	0.04045	0.04333	0.09707	0.30382	0.19577	0.47778
Hoeflea	0.04136	0.04021	-0.03973	0.30382	-0.19577	0.47778
Actomonas	0.04422	0.04266	-0.0509	0.30382	-0.19577	0.47778
Roseiflexus	0.04216	0.04444	0.07425	0.30382	0.19577	0.47778
Fodinibius	0.02862	0.03049	0.08825	0.30382	0.19577	0.47778
Coleofasciculus	0.00942	0.01012	0.09299	0.30382	0.19577	0.47778
Neisseria	0.02291	0.02239	-0.03128	0.30382	-0.19577	0.47778
Anaerolinea	0.05022	0.05546	0.14036	0.30382	0.19577	0.47778
Labilithrix	0.14381	0.13551	-0.08519	0.30382	-0.19577	0.47778
Aquariibacter	0.0141	0.01229	-0.18365	0.30382	-0.19577	0.47778
Roseomonas	0.20788	0.18668	-0.15438	0.30382	-0.19577	0.47778
Olivibacter	0.01079	0.01059	-0.02481	0.30382	-0.19577	0.47778
Defluviicoccus	0.04651	0.04602	-0.01497	0.30382	-0.19577	0.47778
Catenulispora	0.01419	0.0144	0.02014	0.30382	0.19577	0.47778
Syntrophotalea	0.01357	0.01458	0.09649	0.31726	0.19048	0.48734
Terasakiella	0.01636	0.01606	-0.02515	0.31726	-0.19048	0.48734
Croceibacterium	0.15633	0.14376	-0.12018	0.31726	-0.19048	0.48734
Vineibacter	0.28085	0.30455	0.11649	0.31726	0.19048	0.48734
Desulfopila	0.01553	0.01648	0.08054	0.31726	0.19048	0.48734
Plesiocystis	0.02635	0.02809	0.08897	0.31726	0.19048	0.48734
Rariglobus	0.01533	0.01438	-0.08635	0.31726	-0.19048	0.48734
Mesorhizobium	1.98558	1.82276	-0.12337	0.31726	-0.19048	0.48734
Kaistia	0.11783	0.11304	-0.05933	0.31726	-0.19048	0.48734
Desulfobulbus	0.05039	0.05229	0.0523	0.31726	0.19048	0.48734
Faunimonas	0.02574	0.02756	0.09521	0.31726	0.19048	0.48734
Terriglobus	0.10042	0.10423	0.0532	0.31726	0.19048	0.48734
Affinundibacterium	0.01457	0.01399	-0.05508	0.31726	-0.19048	0.48734
Crenobacter	0.03051	0.02993	-0.02655	0.31726	-0.19048	0.48734
Cyanobium	0.03134	0.0323	0.04214	0.31726	0.19048	0.48734
Anabaena	0.01216	0.01271	0.05885	0.31726	0.19048	0.48734
Spongiibacter	0.02257	0.02145	-0.07049	0.31726	-0.19048	0.48734
Allomesorhizobium	0.07252	0.06563	-0.14201	0.31726	-0.19048	0.48734
Escherichia	0.03464	0.03509	0.01773	0.33109	0.18519	0.49893
Castellaniella	0.03272	0.03155	-0.0507	0.33109	-0.18519	0.49893
Shimia	0.0141	0.01357	-0.05206	0.33109	-0.18519	0.49893
Silvibacterium	0.03006	0.03109	0.04718	0.33109	0.18519	0.49893
Limibacillus	0.01131	0.01098	-0.03941	0.33109	-0.18519	0.49893
Altericroceibacterium	0.01758	0.01653	-0.08413	0.33109	-0.18519	0.49893
Pseudorhizobium	0.0145	0.01414	-0.03326	0.33109	-0.18519	0.49893
Inquilinus	0.06928	0.06726	-0.04211	0.33109	-0.18519	0.49893
Acidipila	0.02204	0.02323	0.07252	0.33109	0.18519	0.49893
Advenella	0.01734	0.01694	-0.03209	0.33109	-0.18519	0.49893
Crenalkalicoccus	0.01141	0.01109	-0.03826	0.33109	-0.18519	0.49893
Parvibaculum	0.083	0.08159	-0.0244	0.33109	-0.18519	0.49893
Candidatus Litorirhabdus	0.01012	0.01085	0.09069	0.33109	0.18519	0.49893
Thermanaerothrix	0.02042	0.02156	0.0754	0.33109	0.18519	0.49893
Bryocella	0.01143	0.01209	0.07493	0.33109	0.18519	0.49893
Pseudidiomarina	0.01336	0.0128	-0.05741	0.34529	-0.17989	0.51003
Pleionea	0.0122	0.0126	0.04331	0.34529	0.17989	0.51003
Zhongshania	0.01077	0.01033	-0.05565	0.34529	-0.17989	0.51003
Tistrella	0.01868	0.01867	-0.00121	0.34529	-0.17989	0.51003
Neptunomonas	0.01089	0.01084	-0.00511	0.34529	-0.17989	0.51003
Marilutibacter	0.02029	0.01968	-0.04169	0.34529	-0.17989	0.51003
Methylicorpusculum	0.01075	0.01101	0.03199	0.34529	0.17989	0.51003
Azonexus	0.03389	0.03275	-0.04796	0.34529	-0.17989	0.51003
Brucella	0.02568	0.02399	-0.09419	0.34529	-0.17989	0.51003
Hahella	0.01684	0.01649	-0.02899	0.34529	-0.17989	0.51003
Pseudenhygromyxa	0.02156	0.02276	0.07447	0.34529	0.17989	0.51003
Aquisphaera	0.21378	0.2281	0.09314	0.34529	0.17989	0.51003
Congregicoccus	0.05154	0.04643	-0.14752	0.34529	-0.17989	0.51003
Alloacidobacterium	0.057	0.05967	0.06495	0.34529	0.17989	0.51003
Reinekea	0.0119	0.01175	-0.01658	0.34529	-0.17989	0.51003
Thiohalobacter	0.03469	0.03358	-0.04534	0.34529	-0.17989	0.51003
Silanimonas	0.0233	0.02219	-0.0672	0.35989	-0.1746	0.52443
Capsulimonas	0.01749	0.01816	0.05164	0.35989	0.1746	0.52443
Rugamonas	0.01981	0.0196	-0.01488	0.35989	-0.1746	0.52443
Spiribacter	0.01757	0.01832	0.0569	0.35989	0.1746	0.52443
Ketobacter	0.01991	0.01863	-0.0916	0.35989	-0.1746	0.52443
Phnomibacter	0.01212	0.01075	-0.15927	0.35989	-0.1746	0.52443
Undibacterium	0.0268	0.02614	-0.03471	0.35989	-0.1746	0.52443
Reyranella	1.20051	1.15885	-0.05092	0.35989	-0.1746	0.52443
Desulfacinum	0.00961	0.01021	0.07984	0.35989	0.1746	0.52443
Cycloclasticus	0.01063	0.01023	-0.05051	0.35989	-0.1746	0.52443
Sorangium	0.51774	0.53093	0.03622	0.35989	0.1746	0.52443
Henriciella	0.01647	0.01605	-0.03537	0.37486	-0.16931	0.53385
Sideroxydans	0.01634	0.01567	-0.057	0.37486	-0.16931	0.53385
Hypericibacter	0.11148	0.10635	-0.06734	0.37486	-0.16931	0.53385
Rhodopila	0.06747	0.07074	0.06734	0.37486	0.16931	0.53385
Thermaerobacter	0.0098	0.01032	0.06762	0.37486	0.16931	0.53385
Sandarakinorhabdus	0.02355	0.02272	-0.04938	0.37486	-0.16931	0.53385
Paludisphaera	0.25625	0.2723	0.08729	0.37486	0.16931	0.53385
Candidatus Viadribacter	0.04517	0.04269	-0.07967	0.37486	-0.16931	0.53385
Nitrosovibrio	0.03256	0.03246	-0.00422	0.37486	-0.16931	0.53385
Pseudodesulfovibrio	0.022	0.02247	0.02961	0.37486	0.16931	0.53385
Denitratisoma	0.02821	0.02738	-0.04127	0.37486	-0.16931	0.53385
Aliidongia	0.04016	0.0395	-0.02332	0.37486	-0.16931	0.53385
Neoaquamicrobium	0.02064	0.01888	-0.12262	0.37486	-0.16931	0.53385
Thiothrix	0.04697	0.04701	0.00104	0.37486	-0.16931	0.53385
Pyrinomonas	0.06964	0.07332	0.07322	0.37486	0.16931	0.53385
Desulfobacter	0.02007	0.02085	0.0526	0.37486	0.16931	0.53385
Methylocaldum	0.07542	0.07728	0.03471	0.37486	0.16931	0.53385
Frigidibacter	0.01354	0.01241	-0.11666	0.37486	-0.16931	0.53385
Sulfuricaulis	0.02643	0.02545	-0.0525	0.37486	-0.16931	0.53385
Aggregatilinea	0.02446	0.02569	0.06799	0.39021	0.16402	0.5511
Prosthecomicrobium	0.01536	0.01439	-0.08812	0.39021	-0.16402	0.5511
Chitinivorax	0.01922	0.01878	-0.03198	0.39021	-0.16402	0.5511
Candidatus Chlorohelix	0.01092	0.01149	0.06743	0.39021	0.16402	0.5511
Corallococcus	0.1493	0.14641	-0.02806	0.39021	-0.16402	0.5511
Candidatus Manganitrophus	0.05276	0.05501	0.05907	0.39021	0.16402	0.5511
Acidicapsa	0.05312	0.05551	0.06224	0.39021	0.16402	0.5511
Acidobacterium	1.52983	1.63023	0.09165	0.40594	0.15873	0.56396
Terrihabitans	0.02904	0.02798	-0.05184	0.40594	-0.15873	0.56396
Aquitalea	0.011	0.01082	-0.02232	0.40594	-0.15873	0.56396
Larkinella	0.04164	0.04247	0.02804	0.40594	0.15873	0.56396
Cephaloticoccus	0.01204	0.01135	-0.07791	0.40594	-0.15873	0.56396
Chitiniphilus	0.01446	0.01433	-0.01225	0.40594	-0.15873	0.56396
Maribacter	0.02042	0.02081	0.02617	0.40594	0.15873	0.56396
Oceanicoccus	0.01064	0.01021	-0.05405	0.40594	-0.15873	0.56396
Novosphingobium	0.3597	0.34056	-0.07866	0.40594	-0.15873	0.56396
Propionivibrio	0.1064	0.10306	-0.04561	0.40594	-0.15873	0.56396
Desulfuromonas	0.13249	0.14002	0.07912	0.40594	0.15873	0.56396
Imperialibacter	0.01607	0.01547	-0.05164	0.40594	-0.15873	0.56396
Thiohalomonas	0.01344	0.0133	-0.01476	0.40594	-0.15873	0.56396
Pseudanabaena	0.0248	0.02597	0.064	0.40594	0.15873	0.56396
Stenotrophobium	0.0105	0.01064	0.01809	0.42203	-0.15344	0.57559
Stakelama	0.01494	0.01445	-0.04508	0.42203	-0.15344	0.57559
Inmirania	0.02124	0.02069	-0.03592	0.42203	-0.15344	0.57559
Gallionella	0.01833	0.01816	-0.01219	0.42203	-0.15344	0.57559
Klebsiella	0.04852	0.04951	0.02863	0.42203	0.15344	0.57559
Fischerella	0.01454	0.01564	0.09817	0.42203	0.15344	0.57559
Candidatus Promineifilum	0.03101	0.03357	0.11107	0.42203	0.15344	0.57559
Candidatus Nitrosocosmicus	0.04935	0.0587	0.24588	0.42203	0.15344	0.57559
Methylobacillus	0.03255	0.03194	-0.02651	0.42203	-0.15344	0.57559
Niastella	0.06676	0.06529	-0.03167	0.42203	-0.15344	0.57559
Acidiphilium	0.03827	0.03848	0.00753	0.42203	-0.15344	0.57559
Mariprofundus	0.0131	0.0134	0.03062	0.42203	0.15344	0.57559
Nitrospina	0.01925	0.02016	0.06299	0.42203	0.15344	0.57559
Echinicola	0.01186	0.01211	0.02786	0.42203	0.15344	0.57559
Xanthocytophaga	0.01106	0.01046	-0.07355	0.42203	-0.15344	0.57559
Wenzhouxiangella	0.07966	0.07735	-0.04187	0.42203	-0.15344	0.57559
Pseudomaricurvus	0.0289	0.02884	-0.00257	0.4385	-0.14815	0.58995
Saccharophagus	0.01146	0.01088	-0.0685	0.4385	-0.14815	0.58995
Sphingobacterium	0.04821	0.04576	-0.07345	0.4385	-0.14815	0.58995
Enhygromyxa	0.10387	0.10707	0.04339	0.4385	0.14815	0.58995
Pelagibacterium	0.04195	0.04072	-0.04191	0.4385	-0.14815	0.58995
Verrucomicrobium	0.08957	0.09081	0.01963	0.4385	0.14815	0.58995
Viruses	0.07225	0.08311	0.19942	0.4385	0.14815	0.58995
Acidisphaera	0.06022	0.06191	0.03947	0.4385	0.14815	0.58995
Sporomusa	0.01309	0.01336	0.02711	0.4385	0.14815	0.58995
Rhodanobacter	0.10656	0.10594	-0.00838	0.4385	-0.14815	0.58995
Fontisphaera	0.12241	0.13247	0.11302	0.4385	0.14815	0.58995
Thalassobaculum	0.04169	0.04271	0.03419	0.4385	0.14815	0.58995
Motiliproteus	0.01241	0.01303	0.06523	0.45533	0.14286	0.60508
Geoalkalibacter	0.03093	0.03278	0.08096	0.45533	0.14286	0.60508
Phototrophicus	0.01796	0.01909	0.08313	0.45533	0.14286	0.60508
Candidatus Accumulibacter	0.35964	0.35086	-0.03557	0.45533	-0.14286	0.60508
Chondromyces	0.14667	0.15015	0.0336	0.45533	0.14286	0.60508
Anaeromyxobacter	0.41969	0.39091	-0.10224	0.45533	-0.14286	0.60508
Derxia	0.02456	0.02441	-0.00847	0.45533	-0.14286	0.60508
Phyllobacterium	0.09733	0.0926	-0.07116	0.45533	-0.14286	0.60508
Acidihalobacter	0.02686	0.02606	-0.04195	0.45533	-0.14286	0.60508
Marimicrobium	0.01908	0.01725	-0.13803	0.45533	-0.14286	0.60508
Terrimonas	0.05598	0.0524	-0.09382	0.45533	-0.14286	0.60508
Paludibaculum	0.36476	0.35568	-0.03628	0.47252	-0.13757	0.62169
Falsiroseomonas	0.091	0.08272	-0.13616	0.47252	-0.13757	0.62169
Roseiterribacter	0.01191	0.01148	-0.04948	0.47252	-0.13757	0.62169
Aquisalimonas	0.03296	0.03235	-0.02597	0.47252	-0.13757	0.62169
Chelativorans	0.12275	0.11777	-0.05925	0.47252	-0.13757	0.62169
Edaphobacter	0.20017	0.20706	0.04862	0.47252	0.13757	0.62169
Marinimicrobium	0.01655	0.01598	-0.04731	0.47252	-0.13757	0.62169
Christiangramia	0.00976	0.01006	0.03959	0.47252	0.13757	0.62169
Candidatus Protochlamydia	0.00973	0.01023	0.06502	0.47252	0.13757	0.62169
Devosia	0.21437	0.20581	-0.05854	0.49006	-0.13228	0.63772
Nitrosococcus	0.03751	0.03848	0.03599	0.49006	0.13228	0.63772
Clostridium	0.079	0.0803	0.02338	0.49006	0.13228	0.63772
Tahibacter	0.0834	0.08308	-0.00545	0.49006	-0.13228	0.63772
Amorphus	0.01893	0.01842	-0.03726	0.49006	-0.13228	0.63772
Desulfomonile	0.01173	0.01225	0.05827	0.49006	0.13228	0.63772
Staphylococcus	0.01254	0.01278	0.02597	0.49006	0.13228	0.63772
Teredinibacter	0.01675	0.01662	-0.01081	0.49006	-0.13228	0.63772
Sulfurirhabdus	0.01729	0.01708	-0.01671	0.49006	-0.13228	0.63772
Idiomarina	0.01022	0.00987	-0.04549	0.49006	-0.13228	0.63772
Novilysobacter	0.01538	0.01529	-0.00769	0.50795	-0.12698	0.65386
Neoroseomonas	0.13178	0.10444	-0.33264	0.50795	-0.12698	0.65386
Aquibium	0.05529	0.05209	-0.0843	0.50795	-0.12698	0.65386
Chlorogloeopsis	0.00981	0.01013	0.042	0.50795	0.12698	0.65386
Termitidicoccus	0.02076	0.02056	-0.01309	0.50795	-0.12698	0.65386
Arenibaculum	0.02413	0.02407	-0.00321	0.50795	-0.12698	0.65386
Desulfurivibrio	0.01121	0.01178	0.06486	0.50795	0.12698	0.65386
Martelella	0.02257	0.02221	-0.02183	0.50795	-0.12698	0.65386
Chthoniobacter	0.16333	0.17022	0.05926	0.50795	0.12698	0.65386
Cognatazoarcus	0.01905	0.01888	-0.01262	0.50795	-0.12698	0.65386
Allopusillimonas	0.01103	0.01108	0.00545	0.52617	-0.12169	0.66865
Pararhodospirillum	0.01962	0.01983	0.01512	0.52617	0.12169	0.66865
Sandaracinus	0.17714	0.16997	-0.05926	0.52617	-0.12169	0.66865
Daejeonella	0.01925	0.01893	-0.02252	0.52617	-0.12169	0.66865
Chamaesiphon	0.01333	0.01378	0.04477	0.52617	0.12169	0.66865
Candidatus Roseilinea	0.04188	0.04432	0.07993	0.52617	0.12169	0.66865
Thioalkalivibrio	0.13845	0.13681	-0.01708	0.52617	-0.12169	0.66865
Candidatus Competibacter	0.02414	0.02373	-0.02354	0.52617	-0.12169	0.66865
Microbulbifer	0.10083	0.10046	-0.00525	0.52617	-0.12169	0.66865
Aestuariispira	0.01108	0.01106	-0.00225	0.52617	-0.12169	0.66865
Agriterribacter	0.02576	0.0247	-0.05809	0.52617	-0.12169	0.66865
Marinoscillum	0.01089	0.01049	-0.04961	0.52617	-0.12169	0.66865
Bacteriovorax	0.01138	0.0108	-0.06987	0.54472	-0.1164	0.68348
Nitrincola	0.01071	0.01051	-0.02446	0.54472	-0.1164	0.68348
Trichlorobacter	0.01971	0.02042	0.04895	0.54472	0.1164	0.68348
Polaribacter	0.01025	0.01012	-0.01731	0.54472	-0.1164	0.68348
Sulfurisoma	0.0195	0.01874	-0.05451	0.54472	-0.1164	0.68348
Ereboglobus	0.01431	0.01451	0.01924	0.54472	0.1164	0.68348
Afifella	0.03662	0.03781	0.04506	0.54472	0.1164	0.68348
Halothiobacillus	0.0131	0.01293	-0.01748	0.54472	-0.1164	0.68348
Fimbriimonas	0.01434	0.01471	0.03368	0.54472	0.1164	0.68348
Oscillatoria	0.01559	0.01611	0.04459	0.54472	0.1164	0.68348
Desulfatitalea	0.02191	0.02251	0.03674	0.54472	0.1164	0.68348
Myxococcus	0.15293	0.15223	-0.00657	0.54472	-0.1164	0.68348
Paramesorhizobium	0.01552	0.01504	-0.04178	0.56359	-0.11111	0.69616
Parazoarcus	0.01272	0.01203	-0.07435	0.56359	-0.11111	0.69616
Pelomicrobium	0.01473	0.01477	0.00417	0.56359	-0.11111	0.69616
Minicystis	0.16421	0.16666	0.02121	0.56359	0.11111	0.69616
Desulfomicrobium	0.01116	0.0114	0.02828	0.56359	0.11111	0.69616
Allomicrovenator	0.01265	0.01264	-0.00117	0.56359	0.11111	0.69616
Xenorhabdus	0.01115	0.0103	-0.10514	0.56359	-0.11111	0.69616
Longispora	0.02018	0.0219	0.11281	0.56359	0.11111	0.69616
Methylophaga	0.03418	0.03459	0.01656	0.56359	-0.11111	0.69616
Methyloterricola	0.0156	0.01638	0.06624	0.56359	0.11111	0.69616
Syntrophorhabdus	0.03426	0.03514	0.03565	0.56359	0.11111	0.69616
Aliiroseovarius	0.01068	0.01017	-0.06444	0.56359	-0.11111	0.69616
Aliidiomarina	0.01086	0.01062	-0.02933	0.56359	-0.11111	0.69616
Fibrella	0.01211	0.01133	-0.08888	0.56359	-0.11111	0.69616
Hyphomicrobium	0.37716	0.37102	-0.02362	0.56359	-0.11111	0.69616
Dankookia	0.01209	0.01255	0.04981	0.58277	0.10582	0.71174
Candidatus Nitrotoga	0.04612	0.04598	-0.0044	0.58277	-0.10582	0.71174
Oryzicola	0.01134	0.01066	-0.0816	0.58277	-0.10582	0.71174
Arvimicrobium	0.03258	0.02983	-0.123	0.58277	-0.10582	0.71174
Bartonella	0.01632	0.01587	-0.03805	0.58277	-0.10582	0.71174
Arenibacter	0.01514	0.01528	0.01203	0.58277	0.10582	0.71174
Agrilutibacter	0.03549	0.0342	-0.05189	0.58277	-0.10582	0.71174
Pseudohongiella	0.03627	0.0371	0.03151	0.58277	0.10582	0.71174
Pseudothauera	0.03164	0.0311	-0.02409	0.58277	-0.10582	0.71174
Sabulicella	0.01232	0.01265	0.0348	0.58277	0.10582	0.71174
Futiania	0.00983	0.01037	0.06968	0.58277	0.10582	0.71174
Allochromatium	0.01493	0.01513	0.01821	0.60224	-0.10053	0.72659
Palleronia	0.01519	0.01463	-0.05076	0.60224	-0.10053	0.72659
Thiohalophilus	0.01301	0.01287	-0.01458	0.60224	-0.10053	0.72659
Bauldia	0.1909	0.19572	0.03576	0.60224	0.10053	0.72659
Thermithiobacillus	0.01215	0.01188	-0.03085	0.60224	-0.10053	0.72659
Planktothrix	0.01052	0.01084	0.0398	0.60224	0.10053	0.72659
Symbiodinium	0.10678	0.1071	0.00421	0.60224	0.10053	0.72659
Kineobactrum	0.01353	0.0135	-0.00268	0.60224	-0.10053	0.72659
Maricaulis	0.02783	0.02781	-0.00111	0.60224	-0.10053	0.72659
Halochromatium	0.00997	0.0103	0.04237	0.60224	0.10053	0.72659
Pedosphaera	0.44966	0.47084	0.06624	0.60224	0.10053	0.72659
Azoarcus	0.10545	0.1016	-0.05318	0.60224	-0.10053	0.72659
Candidatus Kapaibacterium	0.01422	0.01408	-0.01294	0.62201	-0.09524	0.74441
Sediminicurvatus	0.01263	0.01289	0.02795	0.62201	0.09524	0.74441
Halomonas	0.10258	0.10284	0.00355	0.62201	-0.09524	0.74441
Methylomagnum	0.01786	0.01788	0.00192	0.62201	-0.09524	0.74441
Syntrophus	0.03426	0.03515	0.03599	0.62201	0.09524	0.74441
Sulfurimicrobium	0.01445	0.01399	-0.04365	0.62201	-0.09524	0.74441
Aspergillus	0.01	0.0101	0.01334	0.62201	0.09524	0.74441
Emcibacter	0.01168	0.01169	0.00173	0.62201	-0.09524	0.74441
Rufibacter	0.02371	0.02433	0.03612	0.64205	0.08995	0.76
Mucilaginibacter	0.13232	0.12993	-0.02605	0.64205	-0.08995	0.76
Salinisphaera	0.02939	0.02915	-0.01142	0.64205	-0.08995	0.76
Rhodomicrobium	0.04767	0.04746	-0.00641	0.64205	-0.08995	0.76
Gallaecimonas	0.01001	0.00978	-0.03002	0.64205	-0.08995	0.76
Pseudolysobacter	0.01367	0.01356	-0.01074	0.64205	-0.08995	0.76
Pseudobacter	0.01077	0.01059	-0.02251	0.64205	-0.08995	0.76
Enhydrobacter	0.23782	0.24461	0.04046	0.64205	0.08995	0.76
Candidatus Solibacter	0.01336	0.01402	0.0649	0.64205	0.08995	0.76
Candidatus Nitricoxidivorans	0.01392	0.01361	-0.03066	0.64205	-0.08995	0.76
Vreelandella	0.01428	0.01403	-0.0242	0.64205	-0.08995	0.76
Helicobacter	0.01365	0.01387	0.02125	0.66236	0.08466	0.77557
Marinomonas	0.02447	0.02436	-0.0064	0.66236	-0.08466	0.77557
Algoriphagus	0.08038	0.08223	0.03245	0.66236	-0.08466	0.77557
Zavarzinia	0.02171	0.02144	-0.01775	0.66236	-0.08466	0.77557
Humisphaera	0.12156	0.11991	-0.01962	0.66236	-0.08466	0.77557
Sulfurifustis	0.04624	0.04544	-0.02466	0.66236	-0.08466	0.77557
Georgfuchsia	0.01949	0.021	0.10272	0.66236	0.08466	0.77557
Parapedobacter	0.02665	0.02693	0.01483	0.66236	0.08466	0.77557
Paralcaligenes	0.01013	0.01001	-0.01621	0.66236	-0.08466	0.77557
Aromatoleum	0.14583	0.14377	-0.02038	0.66236	-0.08466	0.77557
Parasphingopyxis	0.02029	0.02026	-0.00226	0.66236	-0.08466	0.77557
Vulgatibacter	0.02385	0.02338	-0.02719	0.68291	-0.07937	0.7865
Zoogloea	0.10302	0.10297	-0.00074	0.68291	-0.07937	0.7865
Thiodictyon	0.04138	0.04125	-0.0044	0.68291	-0.07937	0.7865
Thiomicrorhabdus	0.01118	0.01114	-0.00546	0.68291	-0.07937	0.7865
Foetidibacter	0.01269	0.01206	-0.06795	0.68291	-0.07937	0.7865
Sulfuricella	0.02819	0.02794	-0.01248	0.68291	-0.07937	0.7865
Runella	0.02763	0.02742	-0.01078	0.68291	-0.07937	0.7865
Candidatus Angelobacter	0.04457	0.04615	0.04907	0.68291	0.07937	0.7865
Mangrovimicrobium	0.0128	0.01266	-0.0146	0.68291	-0.07937	0.7865
Methylomarinovum	0.01028	0.01037	0.01216	0.68291	0.07937	0.7865
Melittangium	0.02472	0.02465	-0.00362	0.68291	-0.07937	0.7865
Spirulina	0.01438	0.01464	0.02357	0.68291	0.07937	0.7865
Horticoccus	0.03505	0.03593	0.03496	0.68291	0.07937	0.7865
Hymenobacter	0.15515	0.1556	0.0041	0.68291	0.07937	0.7865
Longitalea	0.01431	0.01414	-0.01565	0.68291	-0.07937	0.7865
Limisphaera	0.08776	0.09224	0.07115	0.68291	0.07937	0.7865
Vitreimonas	0.08736	0.09006	0.04352	0.68291	0.07937	0.7865
Paracraurococcus	0.02361	0.02374	0.00716	0.70371	-0.07407	0.80656
Neomesorhizobium	0.05255	0.05052	-0.05556	0.70371	-0.07407	0.80656
Paraglaciecola	0.02328	0.02297	-0.01855	0.70371	-0.07407	0.80656
Zwartia	0.02101	0.02116	0.0096	0.70371	-0.07407	0.80656
Polyangium	0.34237	0.34427	0.00799	0.70371	0.07407	0.80656
Flavisolibacter	0.04694	0.04536	-0.04839	0.72473	-0.06878	0.82588
Candidatus Tenderia	0.01011	0.01069	0.0732	0.72473	0.06878	0.82588
Methylococcus	0.0713	0.07123	-0.00144	0.72473	-0.06878	0.82588
Candidatus Macondimonas	0.01004	0.0106	0.07098	0.72473	0.06878	0.82588
Geotalea	0.03223	0.03339	0.04981	0.72473	0.06878	0.82588
Ferrimonas	0.01549	0.01529	-0.01724	0.72473	-0.06878	0.82588
Methylovulum	0.01139	0.01169	0.03469	0.74596	-0.06349	0.84203
Rhizorhabdus	0.01578	0.01609	0.02647	0.74596	-0.06349	0.84203
Hyalangium	0.13529	0.13401	-0.01365	0.74596	-0.06349	0.84203
Sulfuricystis	0.02277	0.02271	-0.00375	0.74596	-0.06349	0.84203
Geothrix	0.091	0.0933	0.03547	0.74596	0.06349	0.84203
Aurantimonas	0.04069	0.04052	-0.00576	0.74596	-0.06349	0.84203
Nitrogeniibacter	0.02266	0.02289	0.01395	0.74596	-0.06349	0.84203
Marinicauda	0.01104	0.01118	0.01744	0.74596	-0.06349	0.84203
Siphonobacter	0.01163	0.01124	-0.04571	0.74596	-0.06349	0.84203
Aquimarina	0.01822	0.01811	-0.00844	0.74596	-0.06349	0.84203
Ectothiorhodospira	0.02427	0.02491	0.03606	0.76738	0.0582	0.85648
Seongchinamella	0.0146	0.01379	-0.07729	0.76738	-0.0582	0.85648
Hyphococcus	0.02695	0.0273	0.01809	0.76738	0.0582	0.85648
Lamprocystis	0.01756	0.01775	0.01452	0.76738	-0.0582	0.85648
Halioglobus	0.06292	0.05517	-0.18643	0.76738	-0.0582	0.85648
Luteitalea	2.83579	2.86303	0.01378	0.76738	-0.0582	0.85648
Aliikangiella	0.01064	0.01102	0.04694	0.76738	0.0582	0.85648
Acidithiobacillus	0.04056	0.04082	0.00921	0.76738	-0.0582	0.85648
Candidatus Viridilinea	0.01813	0.01806	-0.00484	0.76738	0.0582	0.85648
Thiobacillus	0.10948	0.11241	0.03768	0.76738	0.0582	0.85648
Parahaliea	0.03115	0.03002	-0.05197	0.76738	-0.0582	0.85648
Plasticicumulans	0.0503	0.05	-0.00856	0.76738	-0.0582	0.85648
Ornatilinea	0.00981	0.01027	0.05959	0.78898	0.05291	0.86759
Parabacteroides	0.01259	0.01274	0.0159	0.78898	0.05291	0.86759
Belnapia	0.02918	0.02924	0.00279	0.78898	-0.05291	0.86759
Fulvimarina	0.01098	0.01088	-0.01135	0.78898	-0.05291	0.86759
Rhodocytophaga	0.02969	0.02919	-0.02361	0.78898	-0.05291	0.86759
Pseudohalioglobus	0.01493	0.0144	-0.04903	0.78898	-0.05291	0.86759
Salinicola	0.01491	0.01522	0.02765	0.78898	0.05291	0.86759
Polluticoccus	0.01737	0.01829	0.07101	0.78898	0.05291	0.86759
Acetobacter	0.0335	0.0335	-9e-05	0.78898	-0.05291	0.86759
Pelagibius	0.07625	0.07581	-0.00815	0.78898	-0.05291	0.86759
Salipiger	0.0157	0.01575	0.00478	0.78898	0.05291	0.86759
Lacibacter	0.0492	0.04588	-0.0987	0.78898	-0.05291	0.86759
Leptolinea	0.01423	0.01513	0.08328	0.78898	0.05291	0.86759
Legionella	0.09359	0.09438	0.01207	0.78898	0.05291	0.86759
Alistipes	0.01664	0.01676	0.00934	0.78898	0.05291	0.86759
Prevotella	0.01227	0.01237	0.01028	0.78898	0.05291	0.86759
Kangiella	0.01424	0.01424	0.00026	0.81075	-0.04762	0.87856
Geothermobacter	0.01477	0.01481	0.00359	0.81075	0.04762	0.87856
Adhaeribacter	0.07498	0.0764	0.02669	0.81075	0.04762	0.87856
Haloferula	0.05774	0.05727	-0.01171	0.81075	-0.04762	0.87856
Vibrio	0.09508	0.09609	0.01517	0.81075	0.04762	0.87856
Phycisphaera	0.03861	0.03909	0.01746	0.81075	0.04762	0.87856
Vitiosangium	0.02445	0.02427	-0.0104	0.81075	-0.04762	0.87856
Saltatorellus	0.04064	0.04106	0.01443	0.81075	-0.04762	0.87856
Dinghuibacter	0.01025	0.01024	-0.00181	0.81075	-0.04762	0.87856
Chiayiivirga	0.02396	0.0241	0.00791	0.81075	0.04762	0.87856
Draconibacterium	0.01124	0.01143	0.02187	0.81075	-0.04762	0.87856
Thiohalocapsa	0.05486	0.05451	-0.00898	0.81075	-0.04762	0.87856
Roseimicrobium	0.09692	0.0962	-0.01067	0.81075	0.04762	0.87856
Caldovatus	0.03214	0.033	0.03684	0.81075	0.04762	0.87856
Cystobacter	0.0433	0.04387	0.0186	0.81075	0.04762	0.87856
Rhodospirillum	0.01828	0.01803	-0.01945	0.81075	0.04762	0.87856
Thiocapsa	0.04798	0.04866	0.0201	0.83266	0.04233	0.89741
Nannocystis	0.16895	0.16934	0.00329	0.83266	-0.04233	0.89741
Actibacterium	0.01084	0.01079	-0.00651	0.83266	-0.04233	0.89741
Alkalilimnicola	0.02277	0.02279	0.00138	0.83266	0.04233	0.89741
Candidatus Methylumidiphilus	0.01268	0.01283	0.0159	0.83266	0.04233	0.89741
Salinibacter	0.01599	0.01588	-0.01006	0.83266	-0.04233	0.89741
Desulfonatronum	0.0119	0.0125	0.06611	0.85471	0.03704	0.90884
Nitrosospira	0.1261	0.12555	-0.00622	0.85471	-0.03704	0.90884
Parvularcula	0.0242	0.02445	0.01403	0.85471	0.03704	0.90884
Methylomicrobium	0.02594	0.02609	0.00809	0.85471	-0.03704	0.90884
Hyphobacterium	0.01565	0.01589	0.02007	0.85471	-0.03704	0.90884
Methylotetracoccus	0.01045	0.01046	0.00086	0.85471	0.03704	0.90884
Immundisolibacter	0.02894	0.02942	0.02321	0.85471	0.03704	0.90884
Acidisarcina	0.01941	0.01926	-0.01075	0.85471	0.03704	0.90884
Pyxidicoccus	0.10204	0.10225	0.00292	0.85471	-0.03704	0.90884
Alteromonas	0.03432	0.0348	0.01952	0.85471	0.03704	0.90884
Truepera	0.01121	0.01122	0.0015	0.85471	0.03704	0.90884
Prosthecochloris	0.0101	0.01025	0.01918	0.85471	0.03704	0.90884
Thauera	0.21241	0.20856	-0.02631	0.85471	-0.03704	0.90884
Mesoterricola	0.01734	0.01774	0.03078	0.85471	0.03704	0.90884
Thiorhodococcus	0.01538	0.01514	-0.02075	0.85471	0.03704	0.90884
Engelhardtia	0.05212	0.05257	0.01202	0.87686	-0.03175	0.92334
Thalassotalea	0.02296	0.02258	-0.02335	0.87686	-0.03175	0.92334
Pseudoalteromonas	0.03747	0.03803	0.0208	0.87686	0.03175	0.92334
Filomicrobium	0.01496	0.01567	0.06273	0.87686	0.03175	0.92334
Marinihelvus	0.03919	0.04059	0.04926	0.87686	0.03175	0.92334
Leeia	0.01882	0.01848	-0.02505	0.87686	-0.03175	0.92334
Denitromonas	0.02463	0.02483	0.01134	0.87686	-0.03175	0.92334
Cyclobacterium	0.02046	0.02021	-0.01708	0.87686	0.03175	0.92334
Candidatus Thioglobus	0.0127	0.01295	0.02626	0.87686	0.03175	0.92334
Roseitranquillus	0.01	0.00985	-0.02046	0.87686	-0.03175	0.92334
Tropicimonas	0.01805	0.01781	-0.01838	0.87686	-0.03175	0.92334
Herpetosiphon	0.01824	0.0182	-0.00338	0.89912	0.02646	0.93439
Acidiferrobacter	0.01785	0.01782	-0.00206	0.89912	-0.02646	0.93439
Gloeobacter	0.02887	0.02909	0.01037	0.89912	0.02646	0.93439
Maribellus	0.01015	0.01018	0.00399	0.89912	-0.02646	0.93439
Algihabitans	0.01211	0.01225	0.01506	0.89912	0.02646	0.93439
Kordiimonas	0.03302	0.03334	0.01358	0.89912	-0.02646	0.93439
Algiphilus	0.01731	0.01729	-0.00149	0.89912	0.02646	0.93439
Modicisalibacter	0.01252	0.01275	0.02522	0.89912	0.02646	0.93439
Emticicia	0.02871	0.02845	-0.01263	0.89912	-0.02646	0.93439
Novimethylophilus	0.0122	0.01273	0.05685	0.89912	0.02646	0.93439
Marinobacterium	0.0553	0.05625	0.02398	0.89912	0.02646	0.93439
Persicimonas	0.01378	0.01339	-0.03881	0.89912	-0.02646	0.93439
Woeseia	0.07117	0.07213	0.01889	0.89912	0.02646	0.93439
Robiginitomaculum	0.01961	0.01984	0.01593	0.89912	-0.02646	0.93439
Candidatus Contendibacter	0.03821	0.03876	0.02035	0.89912	-0.02646	0.93439
Billgrantia	0.01632	0.01588	-0.03726	0.92145	-0.02116	0.94933
Minwuia	0.01846	0.01817	-0.02154	0.92145	0.02116	0.94933
Sedimenticola	0.03903	0.03919	0.00583	0.92145	-0.02116	0.94933
Congregibacter	0.01049	0.01079	0.03765	0.92145	-0.02116	0.94933
Endozoicomonas	0.02133	0.02147	0.00861	0.92145	0.02116	0.94933
Limobrevibacterium	0.01881	0.0192	0.02862	0.92145	-0.02116	0.94933
Metallibacterium	0.03097	0.03102	0.00207	0.92145	-0.02116	0.94933
Saccharospirillum	0.01328	0.01342	0.01395	0.92145	-0.02116	0.94933
Methylobacter	0.07535	0.07601	0.01237	0.92145	0.02116	0.94933
Arenimonas	0.11035	0.11028	-0.00083	0.92145	-0.02116	0.94933
Algisphaera	0.01107	0.01111	0.00487	0.94385	-0.01587	0.9649
Pseudogemmatithrix	0.0616	0.06283	0.02819	0.94385	-0.01587	0.9649
Rohdeia	0.03669	0.03782	0.0426	0.94385	0.01587	0.9649
Nitrococcus	0.01423	0.01446	0.02141	0.94385	-0.01587	0.9649
Oleiphilus	0.01118	0.01139	0.02445	0.94385	0.01587	0.9649
Roseospira	0.01893	0.01866	-0.02015	0.94385	-0.01587	0.9649
Aquibaculum	0.01145	0.01141	-0.00389	0.94385	-0.01587	0.9649
Pelagicoccus	0.03855	0.03865	0.00336	0.94385	0.01587	0.9649
Allostella	0.08547	0.08551	0.00071	0.94385	-0.01587	0.9649
Methylosarcina	0.00975	0.01015	0.05292	0.96629	0.01058	0.98195
Ignavibacterium	0.01673	0.01707	0.02732	0.96629	0.01058	0.98195
Spirosoma	0.10119	0.1002	-0.01399	0.96629	-0.01058	0.98195
Elioraea	0.11907	0.11304	-0.07426	0.96629	0.01058	0.98195
Tepidiphilus	0.01546	0.01556	0.00826	0.96629	-0.01058	0.98195
Amphritea	0.01004	0.01025	0.02735	0.96629	0.01058	0.98195
Tistlia	0.0289	0.02944	0.02576	0.96629	0.01058	0.98195
Marinicella	0.01742	0.01736	-0.00422	0.98876	0.00529	0.9946
Haliangium	0.09461	0.09269	-0.02932	0.98876	-0.00529	0.9946
Methylomonas	0.07541	0.07564	0.00439	0.98876	0.00529	0.9946
Bryobacter	0.13223	0.133	0.00834	0.98876	-0.00529	0.9946
Paludibacterium	0.0218	0.02225	0.02787	0.98876	0.00529	0.9946
Geobacter	0.11646	0.1178	0.01641	0.98876	0.00529	0.9946
Scytonema	0.01723	0.01711	-0.00981	0.98876	-0.00529	0.9946
Pelobacter	0.01209	0.01255	0.04965	0.98876	-0.00529	0.9946
Alteraurantiacibacter	0.03673	0.03704	0.01188	0.98876	0.00529	0.9946
Beggiatoa	0.02227	0.02206	-0.01322	0.98876	0.00529	0.9946
Terricaulis	0.10368	0.10231	-0.01909	0.98876	-0.00529	0.9946
Natronospira	0.01682	0.01687	0.00348	0.98876	0.00529	0.9946
Rhizopus	0.013	0.01283	-0.01755	1.0	0.0	1.0
Lewinella	0.01147	0.01172	0.02883	1.0	0.0	1.0
Thiocystis	0.02773	0.02847	0.03654	1.0	0.0	1.0
Candidatus Nitronereus	0.01457	0.01444	-0.01168	1.0	0.0	1.0
Desulfogranum	0.01003	0.00983	-0.02738	1.0	0.0	1.0
Coxiella	0.01411	0.01454	0.04037	1.0	0.0	1.0
Azospira	0.09595	0.09727	0.01946	1.0	0.0	1.0
