sample	AR31	AWTP1-13	Acinetobacter	Aeromonas	Agromyces	Aquipseudomonas	Arthrobacter	Azotobacter	Bacillus	Bacillus_A	Bradyrhizobium	Brocadia	CAVVWJ01	CAYXGZ01	CAZWGW01	Comamonas	Cupriavidus	DASRDR01	DASRRB01	DASSJM01	DASTBR01	DASTBU01	DASTFP01	DATACQ01	DATADW01	DATBIJ01	DATBJG01	DATBJJ01	DATBSL01	DATBVX01	DATCJA01	DATEDA01	DATFEN01	DATFES01	DATFRX01	DATJKD01	DATKFM01	DP-20	Ensifer	Flavobacterium	GMQP-bins7	Geopseudomonas	Gp6-AA40	JAABQT01	JACZVU01	JAEUMW01	JAGVSZ01	JAIBJN01	JAJKIV01	JAJVID01	JAKEFM01	JAOUEA01	JARDZU01	JAREAF01	JBEVEP01	JBGPEQ01	JBIOXB01	Metapseudomonas	Methyloceanibacter	Microbacterium	Mycobacterium	Neobacillus	Nitrosocosmicus	Nitrososphaera	Nitrospira_C	Nitrospira_D	Nocardioides	PNKE01	Palsa-1315	Penicillium	Peribacillus	Pseudolabrys	Pseudonocardia	RHKX01	Ramlibacter	Reyranella	Rhabdochlamydia	Rhizobium	Rubrivivax	SCGC-AG-212-J23	SCUD01	SG8-41	SHXO01	Saccharopolyspora_C	Sphingobacterium	Stenotrophomonas	Streptomyces	TA-21	TH1177	TH5896	VBDM01	VGTJ01	Z2-YC6860	ZC4RG19
SRR24887495	10.3005	0.5085	0.0	0.0	0.465	0.3184	0.0	0.0	0.0	0.0	1.3149	0.0	2.4403	0.0	0.0	0.0	1.4682	3.206	0.0	1.0948	0.0	0.0	0.0	0.0	0.0	2.4636	0.0	2.4522	0.0	6.8208	1.9254	7.065	0.8136	0.0	0.0	0.6851	2.1212	0.0	0.8112	0.0	0.0	0.0	12.289	0.0	0.0	1.1411	0.0	0.0	0.0	1.6879	0.0	0.0	0.6001	0.6303	0.0	1.1831	0.0	0.6791	5.0302	0.0	0.0	0.0	0.0	0.0	3.9746	1.2893	0.0	0.0	0.5563	0.0	0.0	1.4882	0.0	0.0	0.0	1.3733	0.2072	0.3295	0.0	15.2798	0.0	0.0	0.0	0.0	0.0	0.0	0.0	2.4240000000000004	1.7435	0.338	0.0	1.4803	0.0	0.0
SRR24887496	10.5114	0.7654	0.0	0.0	0.0	0.0	0.0	0.0	0.0	0.0	0.467	0.0	1.5077	0.0	0.0	0.0	0.0	2.7937	0.0	1.1815	0.0	0.0	0.0	0.0	0.0	2.0891	0.0	5.4236	0.0	6.3013	1.631	7.3883	0.0	0.0	0.0	0.4549	2.0527	0.0	0.0	0.0	0.0	0.0	6.8897	0.0	0.0	0.5579	0.0	0.0	0.0	1.6723	0.0	0.0	1.0975	0.6229	0.0	1.2215	0.0	0.0	5.2412	0.0	0.0	0.0	0.0	0.0	3.4756	1.1061	0.0	0.0	0.5182	0.0	0.0	1.4838	0.0	0.0	0.0	1.083	0.3857	0.0	0.0	16.1752	0.0	0.0	0.0	0.0	0.0	0.0	0.0	12.3742	1.822	0.3508	0.0	1.3549	0.0	0.0
SRR24887501	7.9411	0.8747	0.0	0.0	0.4388	0.0	0.0	0.0	0.0	0.0	0.5993	0.0	0.0	0.0	0.0	0.0	0.0	1.2615	0.0	1.6557	0.0	0.0	0.0	0.4949	0.0	2.3915	0.0	0.8967	0.0	3.4272	1.7186	6.601	0.0	0.0	0.0	0.6474	2.0024	0.0	0.0	0.3415	0.0	0.0	14.166599999999999	1.3269	0.0	0.7669	0.0	0.0	0.0	1.7764	2.4146	0.0	0.6314	0.7891	0.0	1.2455	0.0	0.0	2.8618	0.0	0.0	0.0	0.0	0.0	2.4191	0.8725	0.0	0.0	0.9603	0.0	0.0	4.8033	0.0	0.0	0.0	1.254	0.2548	0.0	0.0	20.4124	0.0	1.6828	0.0	0.0	0.0	0.0	0.0	5.042199999999999	2.1291	0.8441	0.0	1.2438	0.0	0.8102
SRR24887502	8.8028	0.7171000000000001	0.0	0.0	2.5493	0.0	0.0	0.0	0.0	0.0	0.9935	0.0	1.9866	0.0	0.0	0.0	0.7497	1.5252	0.0	1.5293	0.0	0.0	0.0	0.0	0.0	0.0	0.0	4.6335	0.0	4.279	1.6766	5.6878	0.8222	0.0	0.3565	0.4598	1.8725	0.0	0.7058	0.2449	0.0	0.0	14.0531	0.0	0.0	0.6749	0.0	0.0	1.067	1.4312999999999998	0.0	0.0	1.0746	0.5513	0.0	0.9118	0.0	0.0	8.6659	0.0	0.0	0.0	0.0	0.0	3.1432999999999995	0.551	0.0	0.0	0.4144	0.0	0.1625	1.0995	0.0	0.0	0.0	1.0982	0.6387	0.254	0.0	8.8506	0.0	0.0	0.0	0.0	0.0	0.0	0.0	10.143400000000002	3.1532	0.3923	0.0	1.458	0.0	0.6191
SRR24887504	8.5514	0.6014	0.0	0.0	0.4682	0.0	0.0	0.0	0.0	0.0	0.4178	0.0	0.0	0.0	0.0	0.0	0.0	1.9115	0.0	3.9359	0.0	0.0	0.0	0.9224	0.0	0.0	0.0	2.5478	2.754	2.5008	1.9882	7.6968	0.0	0.0	0.494	0.6997	2.5083	0.0	0.0	0.0	0.0	0.0	12.1252	0.0	0.0	0.6001	0.0	0.0	0.0	0.0	0.0	0.0	2.8312	0.0	0.0	1.2487	0.0	0.0	10.879	0.0	0.0	0.0	0.0	0.0	2.4899	0.5083	0.0	0.0	1.5469	0.0	0.0	2.474	0.0	0.0	0.0	1.1186	0.1905	0.0	0.0	11.121699999999999	1.7397	0.0	0.0	0.0	0.0	0.0	0.0	5.0275	2.7174	1.9188	0.0	1.8356	0.979	0.6494
SRR24887505	9.5395	0.0	0.0	0.0	0.0	0.0	0.0	0.0	0.0	0.0	0.0	0.0	0.0	0.0	0.0	0.0	0.0	0.0	0.0	0.0	0.0	0.0	0.0	0.0	0.0	0.0	0.0	0.0	0.0	0.0	0.0	0.0	0.0	0.0	0.0	0.0	0.0	0.0	0.0	0.0	0.0	0.0	0.0	0.0	0.0	0.0	0.0	0.0	0.0	0.0	0.0	0.0	4.1999	0.0	0.0	0.0	0.0	0.0	14.1241	0.0	0.0	0.0	0.0	0.0	6.4715	0.0	0.0	0.0	0.0	0.0	0.0	0.0	0.0	0.0	0.0	0.0	0.0	0.0	0.0	31.2533	0.0	0.0	0.0	0.0	0.0	0.0	0.0	29.3356	2.3709	2.7054	0.0	0.0	0.0	0.0
SRR24887506	6.7227	0.6714	0.0	0.0	0.2837	0.0	0.0	0.0	0.0	0.0	0.3423	0.0553	0.0	0.0	0.0	0.0	0.0	1.0131	0.0	1.8542999999999998	0.0	0.0	0.0	0.5038	0.0	2.2439	0.0	0.682	0.0	4.3901	1.3489	1.4671	0.0	0.0	0.2272	0.5204	1.609	0.2184	0.0	0.0	0.0	0.0	14.1172	0.7743	0.0	0.0	0.0	0.0	0.0	1.4018000000000002	1.5448	0.0	0.6712	0.545	0.0	1.0028	0.0	0.0	3.9001	0.5711	0.0	0.0	0.0	0.0	4.7406	0.5429	0.0	0.0	0.7765	0.0	0.0	1.7271	0.0	0.0	0.0	0.636	0.2922	0.0	0.0	23.0903	0.0	1.1157	0.0	0.0	0.0	0.0	0.0	13.6981	2.399	0.8021	0.0	0.8684	0.0	0.6292
SRR24887507	10.1587	0.5357	0.0	0.0	0.5959	0.0	0.0	0.0	0.0	0.0	0.4532	0.1597	0.0	0.0	0.0	0.0	0.0	0.0	0.0	3.3136	0.0	0.0	0.0	0.5382	0.0	2.7695	0.0	0.0	1.8088	5.52	1.4993	2.3139	0.0	0.0	0.4504	0.7136	1.8383	0.0	0.0	0.0	0.0	0.0	2.443	1.3827	0.0	0.0	0.0	0.0	0.0	3.1033	2.1374	0.0	1.1306	0.7038	0.0	1.1245	0.0	0.0	5.2775	0.0	0.0	0.0	0.0	0.0	2.3686	0.4876	0.0	0.0	0.7294	0.0	0.0	2.4895	0.0	0.0	0.0	0.0	0.274	0.0	0.0	28.1202	0.0	1.5857	0.0	0.0	0.0	0.0	0.0	6.1867	4.556000000000001	0.9498	0.0	1.0399	0.0	1.2411
SRR24887508	4.8422	0.0	0.0	0.0	0.0	0.0	0.0	0.0	0.0	0.0	0.0	0.4164	0.0	0.0	0.0	0.0	0.0	0.0	1.5981	2.3778	0.0	1.6502	0.0	1.5144	0.0	0.0	0.0	0.0	0.0	5.4689	3.0331	6.3506	0.0	0.0	0.0	0.0	0.0	0.0	0.0	0.0	0.0	0.0	0.0	0.0	0.0	0.0	0.0	0.0	0.0	0.0	0.0	0.0	2.0732	1.7252	0.0	0.0	0.0	0.0	3.0954	0.0	0.0	0.0	0.0	0.0	6.6573	0.0	0.0	0.0	1.4427	0.0	0.0	4.8643	0.0	0.0	0.0	0.0	0.0	0.0	0.0	25.0197	0.0	3.2774	0.0	0.0	0.0	0.0	0.0	20.1218	2.873	1.5984	0.0	0.0	0.0	0.0
SRR24887527	4.9847	0.4577	0.0	0.0	0.0	0.0	0.0	0.0	0.0	0.0	0.0	0.3615	0.0	0.0	0.0	0.0	0.0	1.7122000000000002	1.146	1.9949999999999999	0.0	0.5127	0.0	0.8631	0.0	0.0	0.0	0.0	1.2838	4.8321	1.4948	5.4564	0.0	0.0	0.0	0.0	1.6541	0.2487	0.0	0.0	0.0	0.0	1.4387	0.8454	0.0	0.0	0.9486	0.0	0.0	1.4134	0.0	0.0	1.1743	0.5778	0.0	1.332	0.0	0.0	4.4296999999999995	0.0	0.0	0.0	0.0	0.0	5.4639	0.5138	0.0	0.0	0.4963	0.0	0.0	1.639	0.0	0.0	0.0	0.0	0.1753	0.0	0.0	26.0415	0.0	2.6076	0.0	0.0	0.0	0.0	0.0	18.5974	2.7541	1.4116	0.0	0.6397	0.0	0.4969
SRR24887632	4.2738	0.4457	0.0	0.0	0.4134	0.0	0.0	0.0	0.0	0.0	0.0	0.3268	0.0	0.0	0.0	0.0	0.0	0.8323	1.7381	4.7303	0.1176	0.8212	0.0	0.7373	0.0	2.1874	0.0	0.0	1.0649	4.1517	1.5179	4.5724	0.0	0.0	0.3839	0.0	1.4412	0.2497	0.0	0.0	0.0	0.0	0.8077	0.7537	0.0	0.0	0.0	0.0	0.0	1.0505	0.0	0.3149	1.6473	0.5678	0.4721	1.2681	0.0	0.0	7.7285	0.0	0.0	0.0	0.0	0.0	3.9286	0.0	0.0	0.0	0.3589	0.0	0.0	3.1258999999999997	0.0	0.0	0.0	0.0	0.4673	0.0	0.0	22.897000000000002	0.0	3.1218999999999997	0.0	0.0	0.0	0.0	0.0	15.976500000000001	2.632	1.7328	0.0	0.4056	0.0	0.737
SRR24887633	2.4214	0.4625	0.0	0.0	0.4982	0.0	0.0	0.0	0.0	0.0	0.0	0.0	0.0	0.0	0.0	0.0	0.0	0.9901	0.0	1.3198	0.0	0.4908	0.0	0.412	0.0	0.0	0.0	0.0	1.7239	1.8486	1.8282	5.8992	0.0	0.0	0.0	0.8533	2.3365	0.0	0.0	0.0	0.0	0.0	13.6966	0.0	0.0	0.0	0.0	0.0	0.0	0.9889	0.0	0.0	0.6769	0.6585	0.0	1.7076	0.0	0.0	2.7849	0.0	0.0	0.0	0.0623	0.0	5.8251	0.5686	0.0	0.0	0.4275	0.0	0.0	2.0541	0.0	0.0	0.0	0.9676	0.241	0.0	0.0	23.39	0.0	1.2782	0.0	0.0	0.0	0.0	0.0	18.6229	3.4707	0.4413	0.0	0.5986	0.0	0.4542
SRR24887634	5.2342	0.0	0.0	0.0	0.0	0.0	0.0	0.0	0.0	0.0	0.0	0.0	0.0	0.0	0.0	0.0	0.0	0.0	0.0	0.0	0.0	0.0	0.0	2.5233	0.0	0.0	0.0	0.0	0.0	0.0	0.0	0.0	0.0	0.0	0.0	0.0	0.0	0.0	0.0	0.0	0.0	0.0	0.0	0.0	0.0	0.0	0.0	0.0	0.0	0.0	0.0	0.0	2.3969	0.0	0.0	0.0	0.0	0.0	6.513	0.0	0.0	0.0	0.0	0.0	4.8946	0.0	0.0	0.0	0.0	0.0	0.0	9.1023	0.0	0.0	0.0	0.0	0.0	0.0	0.0	29.0023	0.0	0.0	0.0	0.0	0.0	0.0	0.0	28.8821	7.3197	4.1316	0.0	0.0	0.0	0.0
SRR24887635	6.2636	0.0	0.0	0.0	0.0	0.0	0.0	0.0	0.0	0.0	0.0	0.0	0.0	0.0	0.0	0.0	0.0	0.0	0.0	0.0	0.0	0.0	0.0	0.0	0.0	0.0	0.0	0.0	0.0	0.0	0.0	0.0	0.0	0.0	0.0	0.0	0.0	0.0	0.0	0.0	0.0	0.0	0.0	0.0	0.0	0.0	0.0	0.0	0.0	0.0	0.0	0.0	0.0	0.0	0.0	0.0	0.0	12.9169	5.0529	0.0	0.0	0.0	0.0	0.0	7.2447	0.0	0.0	0.0	0.0	0.0	0.0	17.2685	0.0	0.0	0.0	0.0	0.0	0.0	0.0	29.8571	0.0	0.0	0.0	0.0	0.0	0.0	0.0	15.9567	5.4396	0.0	0.0	0.0	0.0	0.0
SRR24887636	2.1282	0.4188	0.0	0.0	0.7216	0.3666	0.0	0.0	0.0	0.0	0.0	0.0995	0.0	0.0	0.0	0.0	1.2739	0.0	0.0	1.7058	0.0	0.0	0.0	0.5171	0.0	0.0	0.0	0.0	0.0	1.8268	1.573	5.2287	0.0	0.0	0.0	0.8074	2.1271	0.0	0.3309	0.0	0.0	1.2715	13.1781	0.0	0.0	0.0	0.0	0.0	0.0	0.9144	0.0	0.0	0.7215	0.566	0.0	1.5294	0.0	11.012799999999999	2.0199	0.0	0.0	0.0	0.0625	0.0	5.8369	0.4797	0.0	0.0	0.3781	0.0	0.0	1.9403	0.0	0.0	0.0	0.0	0.1661	0.0	0.0	17.2004	0.0	1.5423	0.0	0.0	0.0	0.0	0.0	17.0818	4.3511999999999995	0.0	0.0	0.6215	0.0	0.0
SRR24887766	6.5708	0.0	0.0	0.0	0.0	0.0	0.0	0.0	0.0	0.0	0.0	0.0	0.0	0.0	0.0	0.0	0.0	0.0	0.0	0.0	0.0	0.0	0.0	0.0	0.0	0.0	0.0	0.0	0.0	0.0	0.0	0.0	0.0	0.0	0.0	0.0	0.0	0.0	0.0	0.0	0.0	0.0	0.0	0.0	0.0	0.0	0.0	0.0	0.0	0.0	0.0	0.0	0.0	0.0	0.0	0.0	0.0	0.0	5.9097	0.0	0.0	0.0	0.0	0.0	8.6306	0.0	0.0	0.0	0.0	0.0	0.0	12.2235	0.0	0.0	0.0	0.0	0.0	0.0	0.0	39.5114	0.0	0.0	0.0	0.0	0.0	0.0	0.0	23.1646	3.9893	0.0	0.0	0.0	0.0	0.0
SRR24887773	10.5732	0.7119	0.0	0.0	3.4654	0.3221	0.0	0.0	0.26239999999999997	0.0	1.9739	0.0	2.1216	0.0	0.0	0.0	0.8289	1.5319	0.0	1.4544	0.0	0.0	0.0	0.0	0.0	1.8934	0.0	4.1837	0.0	4.5671	1.3178	5.0203	0.7268	0.0	0.4498	0.4541	1.4898	0.0	1.0352999999999999	0.0	0.0	0.0	6.9563	0.0	0.0	0.468	0.0	0.0	0.7793	1.4879	0.0	0.0	1.0755	0.5031	0.0	1.0212	0.0	0.7646	8.061200000000001	0.0	0.0	0.0	0.0	0.0	2.6774	0.5239	0.255	0.0	0.3642	0.0844	0.4271	1.4028	0.2325	0.3488	0.0	0.8728	1.0067	0.7869999999999999	0.0	9.3198	0.0	0.0	0.0	0.3308	0.0	0.0	0.9431	10.145499999999998	2.8040000000000003	0.337	0.0	1.0975	0.0	0.5394
SRR24887774	5.1801	0.9622	0.0	0.0	1.0329	0.0	0.0	1.9458	0.0	0.0	1.2414	0.1383	0.0	0.0	0.0	0.0	0.5008	0.0	0.4448	1.4129	0.0	0.0	0.2881	0.3794	0.0	0.0	0.0	1.1326	1.6553	1.1566	1.3774	1.7427	0.0	0.0	0.3388	0.5899	1.6691	0.0	1.3301999999999998	0.0	0.0	1.2171	11.6624	0.9843	0.0	0.0	0.0	0.0	0.0	1.4169	0.0	0.0	1.7007	0.8179	1.1841	1.6722	0.0	0.8809	9.639100000000003	0.0	0.0	0.0	0.0	0.0	7.688000000000001	0.7952	0.0	0.0	1.2633	0.0	0.0	5.2226	0.3231	0.0	0.0	0.9145	0.2153	0.0	0.0	18.3885	0.0	1.1069	0.0	0.0	0.0	0.0	0.0	4.6065	1.2238	0.6033	0.0	1.3609	0.0	0.5931
SRR24887777	4.6732	0.3604	0.0	0.0	0.4347	0.0	0.0	0.0	0.0	0.0	0.0	0.1938	0.0	0.0	0.0	0.0	0.0	0.8608	0.0	2.0338000000000003	0.0	0.3615	0.0	0.4539	0.0	0.0	0.0	0.0	1.5185	1.9008	1.5185	5.2723	0.0	0.0	0.2685	0.99	2.0341	0.0	0.2607	0.0	0.0	0.0	12.647	0.5817	0.0	0.0	0.0	0.5164	0.0	0.9845	0.0	0.0	0.7836	0.6138	0.0	1.4743	0.0	0.0	3.9158	0.0	0.0	0.0	0.0	0.1329	5.2103	0.4273	0.0	0.0	0.4371	0.0	0.0	1.8928	0.0	0.0	0.0	0.911	0.3768	0.0	0.0	18.740499999999997	0.0	0.915	0.0	0.0	0.0	0.0	0.0	16.852199999999996	7.6798	0.4909	0.0	0.5662	0.0	0.714
SRR24888034	6.6954	0.505	0.0	0.0	2.4551	0.2513	0.2692	0.0	0.0	0.0	0.4351	0.0726	0.0	0.0	0.0	0.0	0.3772	0.836	0.0	5.0809999999999995	0.0	0.0	0.0	0.4524	0.0	1.6422	0.0	0.7174	1.155	3.4957	1.0741	3.9037	0.0	0.0	0.2743	0.3685	1.5435	0.0	0.2348	0.0	0.0	0.0	5.0086	0.721	0.0	0.0	0.0	0.3936	0.0	1.6745	1.5222	0.0	1.2061	0.4914	0.8742	0.9036	0.0	0.8103	3.4921	0.5606	0.0	0.0	0.0	0.0737	4.0537	0.3219	0.2968	0.0	0.5225	0.0	0.3954	3.0996	0.0	0.0	0.0	0.0	0.2556	0.2694	0.0	23.232200000000002	0.0	0.8825	0.0	0.0	0.0	0.0	0.5211	12.319200000000002	2.023	0.684	0.0	0.9647	0.0	0.5871
SRR24888047	9.5641	1.125	0.0	0.0	0.7401	0.0	0.0	0.0	0.0	0.0	3.1098000000000003	0.0	2.3794	0.0	0.0	0.0	1.1835	1.7325	0.0	1.1607	0.0	0.0	0.0	0.0	0.0	2.6706	0.0	2.6463	0.0	6.727	0.0	7.0973	0.0	0.0	0.0	0.7931	2.5224	0.0	0.9214	0.0	0.0	0.0	11.2925	0.0	0.0	1.4835	0.0	0.0	0.0	2.1327	0.0	0.0	0.7134	0.0	0.0	1.1928	0.0	0.9237	6.6255	0.0	0.0	0.0	0.0	0.0	1.8666999999999998	1.0853	0.0	0.0	0.0	0.0	0.0	1.6048	0.0	0.0	0.0	1.6166	0.3082	0.2686	1.7675	13.8836	0.0	0.0	0.0	0.0	0.0	0.0	0.0	5.3968	1.9768000000000001	0.3231	0.0	1.1648	0.0	0.0
SRR24888113	3.8672	0.3664	0.0	0.0	0.4511	0.0	0.0	0.0	0.0	0.0	0.0	0.2162	0.0	0.0	0.0	0.0	0.0	0.7295	0.8843	1.9657	0.0	0.6406	0.0	0.8181	0.0	0.0	0.0	0.0	1.1496	3.8344	1.4307	4.7043	0.0	0.0	0.2141	0.426	1.5782	0.1946	0.0	0.0	0.0	0.0	11.4291	0.5963	0.0	0.0	0.0	0.0	0.0	0.649	0.0	0.264	1.1952	0.5541	0.0	1.223	0.0	0.0	4.8921	0.0	0.0	0.0	0.0	0.0	4.3787	0.0	0.0	0.0	0.4404	0.0	0.0321	2.7983000000000002	0.0	0.0	0.0	0.7681	0.5193	0.0	0.0	22.6558	0.0	2.3936	0.0	0.0	0.0	0.0	0.0	15.7384	3.9122	1.1845	0.0	0.4407	0.0	0.4641
SRR24888123	2.1068	0.4574	0.378	0.5139	0.4791	0.7457	0.0	0.0	0.0	0.1076	0.5569	0.1635	0.0	0.0	0.0	0.2827	0.368	0.7218	0.8463	1.7136	0.0	0.4956	0.0	1.1371	0.0	2.1895	0.0	0.0	1.0494	2.1815	1.5094	4.6569	0.0	0.0	0.0	0.0	1.52	0.2772	0.0	0.1801	0.0	1.0312	9.600999999999999	0.0	0.0	0.0	0.0	0.0	0.0	0.842	0.0	0.0	1.3126	0.71	0.6831	1.2148	0.0	2.4509	3.5298999999999996	0.0	0.0	0.0	0.0	0.0	5.114	0.5544	0.0	0.0	0.5029	0.0	0.0721	4.4301	0.0	0.0	0.0	0.665	0.2211	0.0	0.0	18.3455	0.0	2.383	0.0	0.0	0.1242	0.0	0.0	16.976599999999998	2.4898000000000002	1.1405	0.0	0.5645	0.0	0.403
SRR24888217	3.4204	0.6874	0.0	0.0	0.4196	0.0	0.0	0.0	0.0	0.0	0.0	0.1856	0.0	0.0	0.0	0.0	0.0	0.6434	0.0	3.5913	0.0	0.2747	0.0	0.4094	0.0	4.7358	0.0	0.0	1.223	3.3385	1.3539	4.5004	0.0	0.0	0.3886	0.7823	3.0694	0.0	0.0	0.0	0.2803	0.0	6.6329	0.0	0.0	0.0	0.0	0.3746	0.0	1.0043	0.0	0.0	1.2001	0.4878	0.3873	1.1502	0.0	0.0	5.956100000000001	0.0	0.0	0.0	0.0	0.178	5.4631	0.4344	0.0	0.0	0.4195	0.0	0.0	3.3685	0.0	0.0	0.0	0.8041	0.6263	0.0	0.0	17.655	0.0	1.1097000000000001	0.0	0.0	0.0	0.0	0.0	13.2382	8.6131	0.373	0.0	0.7003	0.0	0.5192
SRR24888308	1.7305	0.4017	0.0	0.0	0.0	0.0	0.0	0.455	0.0	0.0	0.6281	0.5788	0.0	0.6125	0.0	0.0	0.3767	4.3644	0.0	1.0267	0.0	0.4672	0.0	0.7221	0.0	0.0	0.57	0.0	1.204	0.8601	1.3442	7.3792	0.0	0.9382	0.0	1.0821	1.9216	0.3377	0.0	0.1586	0.0	1.8667	7.575699999999999	0.757	0.0	0.0	2.069	0.0	0.0	0.4655	0.0	0.0	0.7372	1.642	0.9003	1.3486	0.0	0.0	4.8575	0.0	0.0	0.0	0.0	0.0	8.739999999999998	1.0869	0.0	0.0	0.9415	0.0	0.0	4.0707	0.2515	0.0	0.8088	0.7237	0.3707	0.0	1.4105	19.3208	0.0	1.3734	1.0477	0.0	0.0	0.0	0.0	4.6129	2.6275	1.5528	0.0	0.6785	1.0029	0.0
SRR24888309	6.6153	0.4877	0.0	0.0	0.0	0.0	0.0	0.0	0.0	0.0	0.0	0.0	1.5036	0.0	0.0	0.0	0.0	1.2009	0.0	3.1127	0.0	0.0	0.0	0.0	0.0	1.517	0.0	0.0	0.0	1.6964	1.5346	7.0552	0.0	0.3693	0.2925	0.5911	1.9646	0.0	0.0	0.0	0.7473	0.0	15.2359	1.0652	0.0	0.0	1.6758	0.0	0.0	1.0489000000000002	0.0	0.0	1.6988	0.8492	0.4584	1.0626	0.0	0.0	11.350700000000002	0.0	0.0	0.0	0.0	0.0	1.7282	0.0	0.0	0.0	3.0808999999999997	0.0	0.0	1.5491	0.0	0.0	0.0	0.885	0.6879	0.0	0.0	17.6264	0.0	0.0	0.0	0.0	0.0	0.0	0.7018	5.3138	2.6413	0.5424	0.0	0.4116	1.6976	0.0
SRR24888310	2.0904	0.4864	0.0	0.0	0.0	0.0	0.0	0.0	0.0	0.0	0.0	0.6815	1.9055	0.5271	0.0	0.0	0.0	3.37	0.0	1.3105	0.0	0.3984	0.0	0.7593	0.0	1.3501	0.7655	0.0	1.5193	0.8027	1.2878	6.952	0.0	0.0	0.0	0.8045	1.9148	0.3485	0.0	0.2614	0.0	0.0	1.3387	0.7919	0.0	0.5709	0.0	0.0	0.0	0.4213	0.0	0.0	1.4231	2.1014999999999997	0.5489	2.008	0.0	0.0	9.0867	0.0	0.0	0.0	0.0	0.0	7.4902999999999995	1.2998	0.0	0.0	1.0686	0.0	0.0	4.6346	0.0	0.0	0.7569	0.8063	0.5183	0.0	1.5164	12.674700000000001	0.0	0.9958	0.9127	0.0	0.0	0.2768	0.0	14.1463	3.2277	2.0424	0.0	0.5858	1.2198	0.0
SRR24888329	1.6609	0.3486	0.0	0.0	0.0	0.0	0.0	0.0	0.0	0.0	0.4936	0.4378	0.0	0.5627	0.0	0.0	0.0	2.3529999999999998	0.0	0.9032	0.0	0.3139	0.0	0.7336	0.0	1.029	0.6312	0.0	1.2059	0.762	1.1711	7.2231	0.0	0.0	0.0	0.6668	1.7653	0.2418	0.0	0.0	0.0	0.0	5.5286	0.7536	0.0	0.5741	4.02	0.0	0.0	0.8978	0.0	0.0	0.849	1.6865	0.0	1.6222	0.0	0.0	6.131099999999999	0.0	0.0	0.0	0.0	0.0	7.1785000000000005	2.8197	0.0	0.0	2.3284000000000002	0.0	0.0	7.8909	0.0	0.0	0.0	1.4383	0.4051	0.0	1.0567	18.6719	0.0	1.2459	0.9644	0.0	0.0	0.0	0.0	6.125	2.4694	1.4215	0.0	0.6637	0.7542	0.0
SRR24888330	12.0576	0.0	0.0	0.0	0.0	0.0	0.0	0.0	0.0	0.0	0.0	0.0	0.0	0.0	0.0	0.0	0.0	0.0	0.0	0.0	0.0	0.0	0.0	0.0	0.0	0.0	0.0	0.0	0.0	0.0	0.0	0.0	0.0	0.0	0.0	0.0	0.0	0.0	0.0	0.0	0.0	0.0	0.0	0.0	0.0	0.0	0.0	0.0	0.0	0.0	0.0	0.0	0.0	0.0	0.0	0.0	0.0	0.0	10.6292	0.0	0.0	0.0	0.0	0.0	10.4848	0.0	0.0	0.0	0.0	0.0	0.0	14.0118	0.0	0.0	0.0	0.0	0.0	0.0	0.0	39.2299	0.0	0.0	0.0	0.0	0.0	0.0	0.0	0.0	7.1985	6.3881	0.0	0.0	0.0	0.0
SRR24888352	6.7828	0.6341	0.0	0.0	0.0	0.0	0.1815	0.0	0.5484	0.0	0.0	0.1117	0.0	0.0	0.4958	0.0	0.0	0.8576	0.0	2.2665	0.0	0.0	0.0	0.0	0.3016	0.0	0.0	0.0	1.2428	1.5502	5.2319	7.4639	0.6343	0.0	0.0	0.0	1.3871	0.0	0.0	0.1099	0.0	0.0	10.418999999999999	0.0	0.4392	0.0	0.0	0.0	0.0	0.86	1.316	0.0	1.179	1.2648000000000001	0.0	0.8383	0.2962	0.0	9.6656	0.0	0.0	0.0369	0.0	0.0	2.1762	0.0	0.0	0.0	1.1054	0.0	0.1779	3.2437	0.0	0.0	0.0	2.184	1.2485	0.0	0.0	17.643900000000002	0.0	0.0	0.0	0.0	0.0	0.0	0.0	13.314200000000001	0.5468	0.7282	0.0	0.5241	0.9922	0.0
SRR24888482	7.9432	0.4199	0.0	0.0	0.0	0.0	0.0	0.0	0.0	0.0	0.0	0.0	1.7461	0.0	0.5064	0.0	0.0	0.838	0.0	1.0098	0.0	0.0	0.0	0.3526	0.0	1.6913	0.0	0.0	1.2615	2.2439	1.3221	8.1436	0.0	0.0	0.0	0.0	1.8374	0.0	0.0	0.322	0.0	0.0	12.6215	0.0	0.5023	0.6576	1.7684	0.0	0.0	0.4024	1.1538	0.0	0.9049	1.7127000000000001	0.0	1.2671	0.2741	0.0	3.6962	0.0	0.0	0.0	0.0	0.0	1.7096	0.9467	0.0	0.0	0.7077	0.0	0.0	3.5961	0.0	0.0	0.0	2.2519	0.2416	0.0	0.0	23.4852	0.0	0.0	0.0	0.0	0.0	0.0	0.0	8.5373	0.7353999999999999	0.3658	1.5201	0.4931	0.8107	0.0
SRR24888489	5.6282	0.5398	0.0	0.0	0.0	0.0	0.0	0.0	0.0	0.0	0.8013	0.0725	1.609	0.0	0.0	0.0	0.0	0.9182	0.0	1.1416	0.0	0.0	0.0	0.3315	0.0	2.1635	0.0	0.0	0.0	2.0201	1.3459	6.9933	0.7108	0.0	0.0	0.0	1.6055	0.0	0.3172	0.2674	0.0	0.727	10.239600000000001	0.0	0.0	1.1071	1.6808	0.0	0.0	0.271	0.6542	0.0	0.8363	1.7746	0.7618	1.0334	0.2741	0.0	4.6899999999999995	0.0	0.0	0.0	0.0	0.0	1.6183	1.2	0.0	0.0	0.715	0.0	0.0	5.5907	0.0	0.0	0.0	2.3266	0.3488	0.0	0.0	17.436700000000002	0.0	0.0	0.0	0.0	0.0	0.0	0.0	15.7949	1.5535	0.622	0.0	0.4866	1.791	0.0
SRR24888613	20.751	0.0	0.0	0.0	0.0	0.0	0.0	0.0	0.0	0.0	0.0	0.0	0.0	0.0	0.0	0.0	0.0	0.0	0.0	0.0	0.0	0.0	0.0	0.0	0.0	0.0	0.0	0.0	0.0	0.0	0.0	0.0	0.0	0.0	0.0	0.0	0.0	0.0	0.0	0.0	0.0	0.0	0.0	0.0	0.0	0.0	0.0	0.0	0.0	0.0	0.0	0.0	0.0	0.0	0.0	0.0	0.0	0.0	13.6904	0.0	0.0	0.0	0.0	0.0	4.2571	0.0	0.0	0.0	0.0	0.0	0.0	17.9728	0.0	0.0	0.0	0.0	0.0	0.0	0.0	38.976	0.0	0.0	0.0	0.0	0.0	0.0	0.0	4.3527	0.0	0.0	0.0	0.0	0.0	0.0
SRR24888615	7.273	0.607	0.0	0.0	0.0	0.0	0.0	0.0	0.0	0.0	0.9072	0.0943	0.0	0.0	0.0	0.0	0.0	0.0	0.0	1.0814	0.0	0.0	0.0	0.0	0.0	1.643	0.0	0.0	0.0	2.1602	1.5111	9.3373	0.6992	0.0	0.0	0.0	1.9116	0.0	0.0	0.1459	0.0	0.9875	10.7613	0.0	0.6001	1.0394	2.3997	0.0	0.0	0.4279	1.1794	0.0	0.607	1.6306	0.0	1.0302	0.4613	0.0	5.7292000000000005	0.0	0.0	0.0	0.0	0.0	1.7913	1.4336	0.0	0.0	0.7978	0.0	0.0	5.7452	0.0	0.0	0.0	2.5419	0.3845	0.0	0.0	24.4206	0.0	0.0	0.0	0.0	0.0	0.0	0.0	5.4669	0.8346	0.5752	0.0	0.0	1.7834	0.0
SRR24888635	2.0521	0.4108	0.0	0.0	0.0	0.0	0.0	0.0	0.0	0.0	0.0	0.4034	0.0	0.0	0.0	0.0	0.0	1.9817	0.0	1.7218	0.0	0.0	0.0	0.541	0.0	0.0	0.8258	0.0	1.479	0.8789	1.4663	7.9621	0.0	0.8428	0.0	0.9313	1.7108	0.3857	0.0	0.0	0.0	0.0	6.617900000000001	0.9221	0.0	0.0	0.0	0.0	0.0	0.6839	0.0	0.0	1.2786	1.0577	0.0	1.031	0.0	0.0	5.121700000000001	0.0	0.0	0.0	0.0	0.0	5.0305	0.0	0.0	1.9267	0.6193	0.0	0.0	3.6153	0.0	0.0	0.0	1.8318	0.7721	0.0	0.0	28.0457	0.0	2.7379	1.1584	0.0	0.0	0.0	0.0	8.7035	2.6468000000000003	1.5848	0.0	0.6075	0.0	0.4134
SRR24888648	1.5176	0.382	0.0	0.0	0.6709	0.0	0.0	0.0	0.0	0.0	0.3905	0.4019	0.0	0.0	0.0	0.0	0.0	1.4196	0.0	2.1043	0.0	0.3496	0.0	0.533	0.2348	0.0	0.6739	0.0	0.9995	0.6789	1.2744	6.0752	0.0	0.7773	0.2879	0.8629	1.1802	0.2605	0.0	0.0	0.0	0.0	4.478	0.6805	0.0	0.0	1.3338	0.4346	0.0	0.5814	0.0	0.3149	1.5789	1.2393	0.565	0.9013	0.0	0.5287	11.7962	0.0	0.1823	0.1885	0.0	0.0	4.9691	0.0	0.4348	1.1412	0.6411	0.0	0.5497000000000001	3.0486	0.2067	0.0	0.0	1.3749	0.8265	0.0	1.0391	24.749499999999998	0.0	1.9639000000000002	0.9482	0.0	0.0	0.0	0.8472999999999999	7.5737000000000005	1.5070000000000001	1.4074	0.0	0.4733	0.0	0.4195
