	AI5_BETA	ATPsynB	ATPsynbeta	Actbeta	B''BETA	B'BETA	B'ETA	BETA	BETA-OHASE	BETA-TT1	CTF1-BETA	E1-BETA-2	GGPS	GGPS1	HDG1	Hr39	Itgbn	Krt6b	OSCPNY1	Octbeta1R	Octbeta3R	PDH-E1	PFP-BETA	PLA2-BETA	PYD3	PolG2	THRB	Taf11	bet	betA	betA1	betB	betB1	betT	betT2	beta'COP	beta-PheRS	beta-Spec	beta-galIII	beta4GalT7	cpb	dj-1beta	ectA	ectB	ectC	ectD	egtUA	flw	gbsA	ggpS	gspD2	gspS2	gtb1	mtlD	ninaB	norpA	opuBA	opuBB	opuBC	opuD	otsA	otsB	proV	proW	proX	tgo	treS	treY	treZ
SRR24887221	0.0	0.0	76.46381985908536	0.0	0.0	0.04872634689124445	0.06090793361405557	2.460680518007845	0.0	3.106304614316834	0.0	0.3776291884071445	2.6434043188500116	2.3266830640569225	0.0	0.07308952033686668	0.0	0.0	0.2558133211790334	0.0	0.0	7.248044100072613	0.21926856101060005	0.0	0.24363173445622227	0.0	0.07308952033686668	0.0	0.0	10.524890928508801	0.5238082290808779	47.06965109694214	0.5238082290808779	0.14617904067373336	0.04872634689124445	0.5603529892493112	0.04872634689124445	0.49944505563525565	0.14617904067373336	0.012181586722811113	0.17054221411935558	0.2801764946246556	0.012181586722811113	9.720906204803269	0.2679949079018445	6.01770384106869	11.669960080453047	0.8648926573195891	11.621233733561802	0.6943504432002334	5.128448010303479	0.0	0.0	0.12181586722811114	0.0	0.03654476016843334	7.089683472676068	0.5968977494177445	0.06090793361405557	0.23145014773341116	5.895887973840579	1.3399745395092224	21.366503111810694	0.8161663104283446	0.07308952033686668	0.012181586722811113	10.195988086992902	1.4374272332917113	4.945724209461312
SRR24887264	0.0	0.0	39.6437624086	0.0	0.0	0.16085628421047585	0.1169863885167097	1.3307201693775728	0.0	1.1552405866025082	0.1169863885167097	0.14623298564588713	0.7896581224877904	0.35095916555012907	0.05849319425835485	0.029246597129177425	0.0	0.0	0.0	0.0	0.0	3.9482906124389525	0.08773979138753227	0.0	0.29246597129177426	0.0	0.0	0.0	0.014623298564588712	6.3903814727252675	0.19010288133965325	24.245429020088086	0.24859607559800811	0.08773979138753227	0.7457882267940243	0.2339727770334194	0.17547958277506454	0.5118154497606049	0.014623298564588712	0.0	0.307089269856363	1.0967473923441535	5.235140886122759	18.27912320573589	9.607507156934783	18.717822162673553	6.799833832533751	1.7255492306214681	8.05743750908838	0.8627746153107341	0.4825688526314275	0.0	0.07311649282294357	0.9358911081336776	0.014623298564588712	0.24859607559800811	3.187879087080339	0.658048435406492	0.0	2.485960755980081	12.064221315785687	2.632193741625968	11.68401555310638	0.965137705262855	0.0	0.0	14.169976309086461	1.93027541052571	7.04842990813176
SRR24887265	0.0	0.0	77.51046297966299	0.0	0.03392142799985251	0.16960713999926255	0.10176428399955753	4.087532073982228	0.0	5.630957047975517	0.0	0.4918607059978614	3.4939070839848085	2.272735675990118	0.0	0.0	0.03392142799985251	0.0	0.28833213799874635	0.0	0.0	8.548199855962833	0.18656785399918882	0.0	0.5766642759974927	0.0	0.0	0.0	0.016960713999926255	13.415924773941668	0.5597035619975664	66.94393815770893	0.7632321299966816	0.016960713999926255	0.06784285599970502	0.8480356999963128	0.03392142799985251	0.864996413996239	0.20352856799911506	0.050882141999778766	0.32225356599859883	0.28833213799874635	0.06784285599970502	11.160149811951475	0.4070571359982301	0.932839269995944	16.248364011929354	1.6960713999926256	18.48717825991962	0.5427428479976402	7.276146305968363	0.0	0.0	0.08480356999963128	0.0	0.03392142799985251	9.260549843959735	0.8480356999963128	0.050882141999778766	0.0	9.396235555959146	1.5095035459934367	26.18734241588614	0.864996413996239	0.16960713999926255	0.03392142799985251	9.718489121957745	2.442342815989381	5.800564187974779
SRR24887267	0.0	0.0	101.68567843469854	0.0	0.0	0.12862559464684284	0.07145866369269047	2.5296366947212428	0.0	2.5439284274597807	0.014291732738538095	0.5430858440644476	3.6015166501116	3.187056400693995	0.0	0.0	0.014291732738538095	0.04287519821561428	0.1857925256009952	0.0	0.0	12.605308275390598	0.2572511892936857	0.0	0.35729331846345236	0.0	0.0	0.0	0.014291732738538095	9.575460934820523	0.4287519821561428	68.00006436996425	1.3291311446840428	0.08575039643122856	0.08575039643122856	0.5573775768029857	0.17150079286245712	0.8289204988352095	0.11433386190830476	0.014291732738538095	0.41446024941760473	0.28583465477076186	0.014291732738538095	13.019768524808203	0.12862559464684284	1.0432964899132808	17.521664337447703	1.1004634208674333	15.863823339777284	1.5577988685006523	9.961337718761051	0.0	0.0	0.2715429220322238	0.0	0.10004212916976665	12.619600008129137	0.34300158572491424	0.11433386190830476	0.2000842583395333	8.1034124627511	1.386298075638195	30.81297578428813	0.6145445077571381	0.05716693095415238	0.0	11.333344061660709	1.8579252560099522	5.873902155539157
SRR24887272	0.0	0.0	62.904572123100415	0.0	0.014783683225170485	0.0	0.0	0.4139431303047736	0.014783683225170485	0.5913473290068194	0.0	0.1034857825761934	2.8828182289082447	1.5375030554177305	0.0	0.0	0.044351049675511456	0.0	0.08870209935102291	0.0	0.0	6.682224817777059	0.2956736645034097	0.0	0.17740419870204582	0.0	0.0	0.0	0.02956736645034097	9.431989897658768	0.2808899812782392	46.24336112833328	0.5617799625564784	0.2069715651523868	0.13305314902653437	0.487861546430626	0.08870209935102291	0.044351049675511456	0.14783683225170485	0.014783683225170485	0.16262051547687534	0.975723092861252	0.34002471417892116	10.466847723420702	0.3104573477285802	0.7391841612585243	14.694981125819462	0.5469962793313079	11.649542381434342	2.2914708999014253	2.1584177508748907	0.0	0.0	0.11826946580136388	0.014783683225170485	0.05913473290068194	7.850135792565528	0.6652657451326718	0.2069715651523868	0.4139431303047736	21.776365390676123	3.0010876947096086	24.289591538955108	0.8278862606095472	0.044351049675511456	0.0	22.397280086133286	3.7402718559681327	14.118417480037813
SRR24887387	0.0	0.0	23.41876648148835	0.0	0.0	0.017714649380853518	0.12400254566597463	0.6554420270915802	0.017714649380853518	0.3720076369979239	0.017714649380853518	0.26571974071280274	1.8246088862279124	1.0097350147086506	0.0	0.0	0.0	0.0	0.017714649380853518	0.035429298761707036	0.0	5.013245774781546	0.08857324690426759	0.0	0.4074369357596309	0.0	0.0	0.017714649380853518	0.05314394814256056	6.430417725249827	0.3011490394745098	38.0333522206925	0.5668687801873126	0.15943184442768166	0.47829553328304497	0.26571974071280274	0.05314394814256056	0.05314394814256056	0.0	0.0	0.07085859752341407	0.44286623452133794	2.426906965176932	11.018511914890889	2.0548993281790082	4.304659799547405	9.92020365327797	0.8680178196618223	10.805936122320645	1.0451643134703577	0.8325885209001154	0.0	0.035429298761707036	0.3011490394745098	0.035429298761707036	0.017714649380853518	6.518990972154095	0.7617299233767013	0.21257579257024223	1.5943184442768166	13.374560282544406	3.011490394745098	19.57468756584314	0.7971592221384083	0.035429298761707036	0.05314394814256056	19.27353852636863	2.9937757453642444	10.150494095229066
SRR24887388	0.0	0.0	47.97015858351235	0.0	0.0	0.18540820253641455	0.1348423291173924	3.1519394431190473	0.0	2.5620042532304557	1.5338314937103386	0.3033952405141329	1.7360949873864273	1.4158444557326202	0.0	0.0	0.0	0.01685529113967405	0.0674211645586962	0.0	0.0	4.567783898851668	0.1348423291173924	0.0	0.11798703797771835	0.0	0.01685529113967405	0.01685529113967405	0.0	10.062608810385408	0.6910669367266361	46.908275241712886	0.6910669367266361	0.4382375696315253	0.6236457721679399	0.6405010633076139	0.5562246076092436	0.21911878481576266	0.08427645569837025	0.0337105822793481	0.15169762025706646	0.9607515949614209	0.8933304304027246	11.882980253470206	3.691308759588617	4.264388658337535	14.242721013024573	2.629425417789152	14.158444557326202	2.646280708928826	1.045028050659791	0.0	0.0674211645586962	5.461114329254393	0.0	0.0674211645586962	7.163498734361472	1.2304362531962056	0.2528293670951108	2.4440172152527375	28.030349165277947	3.4721899747728546	21.13653508915126	1.33156800003425	0.050565873419022155	0.0	31.839644962844282	5.764509569768525	17.546358076400686
SRR24887400	0.0	0.022294622771081154	54.46576342975126	0.0	0.04458924554216231	0.1003258024698652	0.12262042524094635	1.4380031687347345	0.03344193415662173	1.237351563795004	0.011147311385540577	0.4681870781927043	6.510029849155697	5.1834997942763685	0.0	0.022294622771081154	0.0	0.04458924554216231	0.16720967078310867	0.011147311385540577	0.022294622771081154	13.622014513130585	0.22294622771081155	0.0	1.2707934979516258	0.011147311385540577	0.055736556927702886	0.0	0.31212471879513615	30.777726735477533	1.1927623182528417	99.77958421197371	1.9396321810840604	0.15606235939756807	0.1449150480120275	1.1481730727106794	0.1003258024698652	1.081289204397436	0.22294622771081155	0.0	0.18950429355418982	0.8917849108432462	0.16720967078310867	20.49990563800912	0.6242494375902723	1.6275074622889243	35.34812440354917	1.2819408093371665	28.33646554204415	2.106841851867169	4.971700877951098	0.0	0.055736556927702886	0.31212471879513615	0.011147311385540577	0.22294622771081155	25.438164581803598	3.4668138409031197	0.4458924554216231	0.9809634019275708	26.898462373309414	4.492366488372853	59.67155784679871	1.9061902469274388	0.1003258024698652	0.06688386831324346	42.91714883433122	11.437141481564632	25.07030330608076
SRR24887404	0.011185169485349884	0.0	103.70889146816411	0.0	0.011185169485349884	0.044740677941399534	0.022370338970699767	2.203478388613927	0.0	2.930514405161669	0.055925847426749414	0.41385127095794566	2.9864402525884186	2.2370338970699764	0.0	0.022370338970699767	0.0	0.0	0.14540720330954848	0.011185169485349884	0.0	12.29250126439952	0.190147881250948	0.0	0.6822953386063428	0.0	0.0	0.0	0.044740677941399534	9.350801689752503	0.23488855919234755	46.82111946567461	0.8724432198572909	0.055925847426749414	0.03355550845604965	0.4585919488993452	0.2684440676483972	0.4250364404432955	0.022370338970699767	0.0	0.3131847455897967	0.24607372867769742	0.011185169485349884	13.232055501168912	0.08948135588279907	0.41385127095794566	15.592126262577736	0.8388877114012412	12.270130925428822	1.6777754228024824	5.984065674662188	0.0	0.0	0.11185169485349883	0.0	0.044740677941399534	11.554280078366428	0.27962923713374704	0.044740677941399534	0.11185169485349883	16.06190338096243	1.9685898294215793	26.452925832852472	0.5368881352967944	0.11185169485349883	0.0	14.3729427886746	2.214663558099277	7.66184109746467
SRR24888350	0.0	0.0	68.36233958057737	0.0	0.0	0.061476924083253025	0.061476924083253025	0.2459076963330121	0.0	1.1680615575818076	0.0	0.0	1.1680615575818076	0.6762461649157833	0.0	0.0	0.0	0.0	0.0	0.0	0.0	1.2295384816650605	0.0	0.0	0.1844307722497591	1.5369231020813257	0.061476924083253025	0.0	0.0	2.02873849474735	0.0	13.893784842815185	0.061476924083253025	0.061476924083253025	0.1844307722497591	0.0	0.061476924083253025	0.061476924083253025	0.0	0.0	0.30738462041626513	0.3688615444995182	0.2459076963330121	8.422338599405665	0.7377230889990364	1.2910154057483136	5.041107774826748	1.9672615706640968	5.041107774826748	0.2459076963330121	0.5532923167492773	0.0	0.0	0.4918153926660242	0.0	0.0	1.2910154057483136	0.1844307722497591	0.0	0.7377230889990364	7.069846269574098	1.5984000261645788	6.270646256491809	0.1844307722497591	0.0	0.0	10.389600170069762	0.4918153926660242	3.3812308245789167
SRR24888359	0.0	0.0	126.63409914578935	0.0	0.0	0.0	0.22334056286735335	2.34507591010721	0.0	1.1167028143367668	0.22334056286735335	0.22334056286735335	2.791757035841917	2.2334056286735335	0.0	0.0	0.0	0.0	0.0	0.11167028143367667	0.0	5.248503227382804	0.0	0.0	0.7816919700357368	0.0	0.0	0.0	0.0	54.71843790250157	0.11167028143367667	213.29023753832246	4.02013013161236	7.705249418923691	4.8018221016480975	1.34004337720412	0.22334056286735335	0.4466811257347067	0.0	0.0	0.67002168860206	0.0	0.0	16.19219080788312	0.5583514071683834	0.4466811257347067	18.313926155122974	0.67002168860206	32.38438161576624	1.8983947843725035	5.136832945949127	0.0	0.0	1.00503253290309	0.0	0.0	10.050325329030901	1.5633839400714735	0.8933622514694134	3.5734490058776536	16.19219080788312	1.4517136586377968	29.034273172755935	3.3501084430103005	5.36017350881648	0.0	17.19722334078621	2.121735347239857	8.710281951826781
SRR24888472	0.0	0.08967955968771067	37.21701727039993	0.0	0.08967955968771067	0.3587182387508427	0.269038679063132	4.663337103760955	0.0	2.8697459100067415	0.0	0.269038679063132	1.9729503131296346	1.076154716252528	0.0	0.0	0.0	0.0	0.0	0.0	0.0	5.649812260325772	0.17935911937542134	0.0	0.269038679063132	0.0	0.0	0.0	0.0	7.443403454079985	0.4483977984385533	32.28464148757584	1.1658342759402387	0.0	0.08967955968771067	0.269038679063132	0.08967955968771067	1.076154716252528	0.538077358126264	0.0	0.17935911937542134	0.4483977984385533	0.0	4.663337103760955	0.0	1.1658342759402387	11.209944960963833	1.7039116340665026	10.76154716252528	0.538077358126264	3.049105029382163	0.0	0.0	0.0	0.0	0.0	4.573657544073244	0.17935911937542134	0.08967955968771067	0.0	11.748022319090097	0.7174364775016854	16.321679863163343	0.538077358126264	0.08967955968771067	0.17935911937542134	9.506033326897331	1.6142320743787921	6.367248737827458
SRR24888473	0.0	0.0	119.64343613683715	0.0	0.0	0.20589720832382702	0.2573715104047838	5.044481603933762	0.0	6.314181055264029	0.12010670485556577	0.48042681942226306	4.80426819422263	2.2133949894811407	0.0	0.0	0.0	0.0	0.017158100693652253	0.0	0.0	10.826761537694571	0.10294860416191351	0.0	0.8579050346826126	0.0	0.0	0.0	0.12010670485556577	16.351669961050597	0.9093793367635694	71.29190838212511	1.561387163122355	0.17158100693652253	0.10294860416191351	0.9780117395381784	0.24021340971113153	1.21822514924931	0.34316201387304507	0.08579050346826127	0.1887391076301748	0.13726480554921802	0.20589720832382702	15.751136436772768	0.2573715104047838	1.5785452638160073	21.739313578857406	2.453608399192272	16.471776665906162	4.375315676881325	8.83642185723091	0.0	0.051474302080956755	0.08579050346826127	0.0	0.2916877117920883	15.442290624287027	0.8922212360699171	0.20589720832382702	0.08579050346826127	32.171438800597976	3.6203592463606253	41.88292379320515	0.8750631353762649	0.20589720832382702	0.08579050346826127	28.39665664799448	4.80426819422263	12.096460989024838
SRR24888474	0.0	0.0	114.37288871181715	0.0	0.04050748670508842	0.4455823537559726	0.10126871676272105	4.941913378020788	0.10126871676272105	2.977300272823999	0.0	0.4860898404610611	2.106389308664598	1.6810606982611696	0.060761230057632634	0.0	0.0	0.0	0.0	0.0	0.0	9.296468198817793	0.3645673803457958	0.0	0.5265973271661495	0.0	0.0	0.0	0.0	10.997782640431506	0.4455823537559726	65.15629236513472	1.0734483976848432	0.060761230057632634	0.1822836901728979	0.8506572208068568	0.6481197872814147	0.6076123005763263	0.32405989364070736	0.0	0.2227911768779863	0.76964224739668	0.04050748670508842	13.894067939845328	0.14177620346780948	0.8709109641594011	18.552428910930498	3.767196263573223	19.261309928269544	6.460944129461603	4.921659634668243	0.0	0.16202994682035368	0.14177620346780948	0.060761230057632634	0.26329866358307474	9.964841729451752	0.5265973271661495	0.060761230057632634	0.14177620346780948	43.52529446461751	3.5038975999901485	36.112424397586324	0.4860898404610611	0.08101497341017684	0.0	21.813281590690114	4.010241183803753	13.792799223082607
SRR24888475	0.0	0.0	44.63121705032621	0.0	0.0	0.33369134243234544	0.16684567121617272	3.7540276023638866	0.0	3.462047677735584	0.06256712670606478	0.5422484314525614	1.7935909655738569	1.4598996231415113	0.0	0.02085570890202159	0.0	0.0	0.14598996231415112	0.0	0.0	6.673826848646909	0.2294127979222375	0.0	0.8759397738849068	0.0	0.0	0.0	0.08342283560808636	8.279716434102571	0.5005370136485182	43.40073022510693	0.5839598492566045	0.14598996231415112	0.0	0.563104140354583	0.2502685068242591	0.5839598492566045	0.10427854451010796	0.0	0.33369134243234544	0.33369134243234544	0.0	8.821964865555133	0.16684567121617272	0.7508055204727773	11.262082807091659	1.981292345692051	11.866898365250286	0.6673826848646909	5.777031365859981	0.0	0.04171141780404318	0.10427854451010796	0.0	0.0	5.777031365859981	0.18770138011819432	0.06256712670606478	0.08342283560808636	6.861528228765104	0.8342283560808637	17.289382679775898	0.14598996231415112	0.10427854451010796	0.0	9.677048930538017	1.2930539519253386	5.651897112447851
SRR24888476	0.0	0.09328217386519243	143.71673586830647	0.0	0.0	0.09328217386519243	0.12437623182025657	6.6696754313612585	0.0	5.363724997248564	0.0	0.41976978239336593	5.317083910315969	3.6690988386975687	0.015547028977532072	0.0	0.015547028977532072	0.07773514488766035	0.09328217386519243	0.0	0.0	11.893477167812035	0.18656434773038486	0.0	0.8550865937642639	0.046641086932596214	0.0	0.0	0.0	17.459313541768516	0.46641086932596215	102.22171552727336	1.1660271733149052	0.17101731875285278	0.12437623182025657	0.637428188078815	0.5285989852360904	0.870633622741796	0.07773514488766035	0.0	0.27984652159557727	0.2642994926180452	0.13992326079778863	15.718046296284925	0.5752400721686867	1.2904034051351618	22.512097959466438	1.6168910136633354	26.523231435669715	1.119386086382309	8.442036734799915	0.0	0.0	0.20211137670791693	0.0	0.07773514488766035	13.914590934891203	0.5441460142136225	0.06218811591012829	0.3886757244383018	16.106722020723225	3.3892523171019917	37.96584476313332	0.8550865937642639	0.24875246364051315	0.0	18.874093178723935	3.2026879693716066	9.15720006776639
SRR24888477	0.0	0.0	33.62791901564618	0.0	0.0	0.21907439098140835	0.657223172944225	2.3002811053047876	0.0	2.8479670827583083	0.0	0.10953719549070418	1.6430579323605625	0.7667603684349292	0.0	0.0	0.0	0.0	0.0	0.0	0.0	5.148248188063096	0.0	0.0	0.0	0.0	0.0	0.0	0.0	10.406033571616897	0.4381487819628167	42.50043185039322	0.3286115864721125	0.3286115864721125	0.10953719549070418	0.657223172944225	0.3286115864721125	1.31444634588845	0.21907439098140835	0.0	0.5476859774535209	1.2049091503977458	0.0	6.791306120423659	0.10953719549070418	0.9858347594163376	10.077421985144785	2.7384298872676043	11.720479917505347	1.6430579323605625	3.176578669230421	0.0	0.0	0.8762975639256334	0.10953719549070418	0.0	4.819636601590983	0.4381487819628167	0.0	0.5476859774535209	22.783736662066467	4.600562210609575	19.93576957930816	0.10953719549070418	0.10953719549070418	0.0	29.355968391508718	7.6676036843492925	18.4022488424383
SRR24888479	0.0	0.0	22.619532903576648	0.0	0.054156902402817196	0.16247070720845158	0.19857530881032973	1.660811673686394	0.0	1.8593869824967237	0.0	0.23467991041220784	1.4080794624732471	1.1733995520610392	0.0	0.018052300800939065	0.0	0.0	0.018052300800939065	0.018052300800939065	0.0	4.386709094628193	0.10831380480563439	0.0	0.541569024028172	0.0	0.0	0.0	0.07220920320375626	11.084112691776586	0.3429937152178423	44.64333988072231	0.541569024028172	0.07220920320375626	0.07220920320375626	0.4152029184215985	0.28883681281502505	0.5776736256300501	0.03610460160187813	0.0	0.4152029184215985	0.9387196416488314	0.018052300800939065	6.607142093143698	0.25273221121314693	0.6679351296347454	10.795275878961561	2.9966819329558847	11.372949504591611	2.8522635265483722	1.93159618570048	0.0	0.0	0.19857530881032973	0.10831380480563439	0.18052300800939067	7.311181824380322	0.5957259264309892	0.12636610560657346	0.36104601601878133	23.052788122799186	4.115924582614107	20.417152205862084	0.6318305280328673	0.14441840640751252	0.018052300800939065	31.411003393633976	5.451794841883598	17.727359386522163
SRR24888481	0.0	0.0	26.364736654577566	0.0	0.12860847148574422	0.18576779214607497	0.05715932066033076	3.3723999189595153	0.02857966033016538	3.5010083904452594	0.6430423574287211	0.10002881115557884	0.35724575412706727	0.32866609379690187	0.0	0.0	0.0	0.01428983016508269	0.042869490495248075	0.01428983016508269	0.0	2.6721982408704634	0.042869490495248075	0.0	0.2715067731365711	0.0	0.0	0.0	0.0	3.7439355032516652	0.10002881115557884	31.837741607804237	0.414405074787398	0.37153558429214995	0.21434745247624037	0.9002593004002095	0.25721694297148845	0.5430135462731422	0.05715932066033076	0.0	0.08573898099049615	0.12860847148574422	0.4715643954477288	5.801671047023572	1.1288965830415325	1.1146067528764498	5.715932066033076	2.0291558834417422	9.07404215482751	0.9859982813907057	0.5858830367683904	0.0	0.0	3.3009507681341015	0.0	0.0	3.34382025862935	0.25721694297148845	0.042869490495248075	1.571881318159096	12.760818337418844	1.757649110305171	9.759954002751478	0.9002593004002095	0.0	0.0	20.034341891445933	2.457850788394223	6.601901536268203
SRR24888483	0.0	0.0	87.64334239816044	0.0	0.13337674697048427	0.07409819276138015	0.1037374698659322	2.7268134936187893	0.0	2.4304207225732686	0.2519338553886925	0.4149498794637288	2.8009116863801693	1.556062047988983	0.014819638552276028	0.05927855420910411	0.0	0.0	0.11855710841820823	0.0	0.0	5.616643011312615	0.503867710777385	0.0	0.5927855420910412	0.0	0.0	0.0	0.0	13.545149636780291	0.38531060235917675	65.87329336486695	1.3930460239139468	0.08891783131365617	0.1037374698659322	0.548326626434213	0.4297695180160048	0.28157313249324456	0.4149498794637288	0.0	0.16301602407503632	0.8298997589274576	1.3337674697048427	15.130850961873826	2.6675349394096854	1.985831566004988	16.42015951592184	2.489699276782373	16.820289756833294	3.112124095977966	4.001302409114528	0.0	0.0	2.8750098791415497	0.0	0.014819638552276028	10.877614697370605	0.9780961444502179	0.1481963855227603	0.8447193974797337	30.172784092433997	4.03094168621908	32.558745899350434	1.4671442166753268	0.22229457828414043	0.0	46.489206138489905	7.4394585532425666	27.72754373130845
SRR24888484	0.0	0.0	115.97288977879964	0.0	0.0	0.14343397656473983	0.3911835724492905	5.919911396399262	0.0	6.441489492998316	0.0	0.4433413821091958	3.703204485853283	1.8646416953416178	0.0	0.0	0.026078904829952697	0.0	0.15647342897971617	0.013039452414976348	0.052157809659905394	10.24900959817141	0.19559178622464524	0.0	0.6780515255787701	0.0	0.0	0.0	0.06519726207488175	17.094722116033992	0.4042230248642668	70.90854223264138	0.9649194787082498	0.4303019296942195	0.260789048299527	0.6519726207488175	0.3259863103744087	1.4995370277222801	0.1303945241497635	0.026078904829952697	1.121392907687966	0.6389331683338411	0.1303945241497635	11.487757577594163	0.16951288139469253	8.697314760789224	18.907206001715704	3.7684017479281646	16.429710042870198	2.047194029151287	9.61007642983757	0.0	0.0	0.36510466761933774	0.0	0.18255233380966887	14.825857395828109	1.0301167407831315	0.052157809659905394	0.299907405544456	18.085720499572194	3.103389674764371	31.77714553529736	1.0301167407831315	0.9779589311232262	0.260789048299527	24.136026420121222	5.8155957770794515	14.786739038583178
SRR24888485	0.0	0.0	164.09116217538588	0.0	0.015440967552026525	0.1852916106243183	0.1235277404162122	8.724146666894987	0.0	9.295462466319968	0.0617638702081061	0.6485206371851141	5.049196389512674	2.470554808324244	0.0	0.04632290265607957	0.0	0.04632290265607957	0.09264580531215914	0.04632290265607957	0.015440967552026525	12.877766938390122	0.13896870796823874	0.0	0.9882219233296976	0.0	0.0	0.0	0.1235277404162122	25.832738714540376	0.8183712802574058	92.04360757763011	1.235277404162122	0.15440967552026524	0.0617638702081061	1.0036628908817242	0.15440967552026524	1.883798041347236	0.13896870796823874	0.03088193510405305	0.09264580531215914	0.4941109616648488	0.6948435398411936	23.130569392935733	0.6794025722891671	2.347027067908032	28.998137062705815	1.0191038584337506	25.431273558187687	2.0073257817634484	10.731472448658435	0.0	0.0	0.40146515635268964	0.0	0.015440967552026525	22.682781333926965	1.4360099823384669	0.33970128614458356	0.10808677286418568	27.345953534638976	4.786699941128223	52.12870645564155	1.4205690147864403	1.0808677286418567	0.1235277404162122	32.055448638007064	6.577852177163299	16.027724319003532
SRR24888486	0.0	0.11605497378210376	58.17670042877173	0.0	0.0	0.16579281968871967	0.0994756918132318	5.753010843198573	0.0	5.802748689105188	0.0	0.2486892295330795	2.95111219045921	1.8237210165759163	0.0	0.38132348528405524	0.0	0.0	0.0	0.016579281968871967	0.0	6.648292069517659	0.21553066559533557	0.0	1.6081903509805808	0.0	0.0	0.0	0.0497378459066159	10.511264768264827	1.6579281968871966	48.36176550319953	0.29842707543969543	0.06631712787548787	0.0497378459066159	1.1273911738832938	0.497378459066159	1.9729345542957641	0.13263425575097573	0.13263425575097573	0.6631712787548787	0.0	0.0	8.704123033657783	0.5305370230039029	1.591611069011709	14.556609568669588	2.354258039579819	15.352415103175442	1.0776533279766778	8.554909495937935	0.0	0.0	0.28184779347082345	0.0	0.03315856393774393	5.239053102163542	0.28184779347082345	0.21553066559533557	0.03315856393774393	10.643899024015802	1.6413489149183247	21.801755789066636	0.513957741035031	0.1989513836264636	0.0	11.80444876183684	1.525293941136221	7.112511964646074
SRR24888487	0.0	0.0	14.11445686937976	0.0	0.0	0.0	0.0	0.7583887273099572	0.1685308282911016	1.1235388552740107	0.07022117845462567	0.19661929967295186	0.44941554210960427	0.3651501279640535	0.0	0.0	0.0	0.0	0.0	0.0	0.0	2.1206795893296952	0.0421327070727754	0.0	0.35110589227312833	0.0	0.0	0.0	0.0	2.7948029024941015	0.0842654141455508	18.538391112021177	0.1685308282911016	0.0842654141455508	0.14044235690925133	0.4072828350368289	0.8707426128373583	0.3791943636549786	0.14044235690925133	0.0	0.2527962424366524	0.30897318520035294	0.028088471381850267	3.2301742089127807	0.5055924848733048	0.5336809562551551	4.3256245928049415	1.1094946195830855	4.2413591786593905	1.0673619125103102	0.3791943636549786	0.0	0.0	0.49154824918237966	0.0	0.11235388552740107	1.797662168438417	0.32301742089127805	0.0	0.5055924848733048	10.687663360794026	2.1347238250206204	8.496762593009706	0.3370616565822032	0.0	0.0	13.819527919870332	2.640316309893925	6.024977111406883
SRR24888488	0.0	0.0	41.25730805404199	0.0	0.0	0.05367386130187597	0.10734772260375194	2.003824155270036	0.0	1.502868116452527	0.1610215839056279	0.14313029680500258	1.1271510873393953	0.661977622723137	0.0	0.0	0.0	0.017891287100625323	0.035782574201250646	0.0	0.0	2.665801777993173	0.05367386130187597	0.0	0.28626059361000517	0.0	0.0	0.05367386130187597	0.0	5.27792969468447	0.28626059361000517	26.38964847342235	0.17891287100625322	0.05367386130187597	0.1610215839056279	0.10734772260375194	0.17891287100625322	0.12523900970437726	0.10734772260375194	0.0	0.2504780194087545	0.5725211872200103	0.14313029680500258	5.54629900119385	0.554629900119385	0.7693253453268889	6.888145533740749	1.4313029680500258	7.138623553149504	1.6817809874587804	0.8945643550312662	0.0	0.0	0.3399344549118811	0.035782574201250646	0.0	2.952062371603178	0.28626059361000517	0.05367386130187597	0.5904124743206357	14.813985719317767	2.9162797974019274	9.858099192444552	0.4293908904150078	0.1610215839056279	0.0	20.056132839800988	2.8089320747981756	9.267686718123917
SRR24888490	0.0	0.08072721225525191	183.57368066844282	0.0	0.0	0.16145442451050382	0.16145442451050382	3.8210880467485904	0.0	3.6058154807345852	0.0	0.48436327353151143	3.9556334005073435	2.8523614996855673	0.0	0.05381814150350127	0.026909070751750634	0.0	0.08072721225525191	0.0	0.026909070751750634	11.92071834302553	0.05381814150350127	0.0	0.6189086272902646	0.0	0.0	0.0	0.05381814150350127	17.598532271644917	0.4036360612762595	85.81302662733277	1.103271900821776	0.24218163676575571	0.16145442451050382	0.5112723442832621	0.18836349526225443	1.0763628300700254	0.13454535375875318	0.026909070751750634	0.48436327353151143	0.48436327353151143	0.13454535375875318	21.661801955159262	0.4036360612762595	0.7534539810490177	26.532343761226127	1.614544245105038	18.99780395073595	3.713451763741588	8.314902862290946	0.0	0.0	0.16145442451050382	0.05381814150350127	0.05381814150350127	17.81380483765892	0.48436327353151143	0.08072721225525191	0.4036360612762595	45.61087492421733	5.435632291853628	45.55705678271382	0.6458176980420153	0.7534539810490177	0.05381814150350127	19.159258375246452	4.251633178776601	11.651627635508024
SRR24888491	0.0	0.08206109683901476	183.7621495215004	0.0	0.0	0.16412219367802952	0.08206109683901476	3.8295178524873554	0.0	3.337151271453267	0.05470739789267651	0.4103054841950738	5.2792638966432825	2.8721383893655164	0.0	0.0	0.0	0.0	0.19147589262436776	0.027353698946338253	0.0	12.99300699951067	0.19147589262436776	0.0	0.6291350757657798	0.0	0.0	0.0	0.05470739789267651	17.971380207744232	0.43765918314141206	87.8874347145848	0.9300257641755006	0.19147589262436776	0.24618329051704427	0.7932572694438094	0.19147589262436776	1.1488553557462067	0.05470739789267651	0.0	0.3829517852487355	0.43765918314141206	0.16412219367802952	22.375325738104692	0.3829517852487355	0.5744276778731033	25.849245504289648	1.8874052272973394	21.93766655496328	3.5012734651312964	9.0814280501843	0.027353698946338253	0.0	0.10941479578535301	0.05470739789267651	0.16412219367802952	17.561074723549158	0.9300257641755006	0.08206109683901476	0.3829517852487355	46.337166015097	4.486006627199473	45.21566435829713	0.8479646673364858	0.8479646673364858	0.10941479578535301	20.542627908700027	4.103054841950738	12.883592203725318
SRR24888492	0.0	0.0	129.73041043662153	0.0	0.0	0.0	0.0	2.4038510003199445	0.0	1.9385895163870521	0.0	0.6203486452438567	6.513660775060496	2.946656064908319	0.0	0.0	0.0	0.0	0.31017432262192834	0.0	0.0	12.872234388810027	0.23263074196644626	0.0	1.0856101291767493	0.0	0.0	0.0	0.07754358065548209	30.707257939570905	0.6978922258993387	84.13478501119806	1.5508716131096418	0.15508716131096417	0.23263074196644626	1.3182408711431954	0.0	0.6203486452438567	0.6203486452438567	0.0	0.0	0.23263074196644626	0.07754358065548209	23.185530615989144	0.6203486452438567	1.0856101291767493	30.08690929432705	1.0856101291767493	20.85922319632468	3.72209187146314	8.064532388170138	0.0	0.07754358065548209	0.31017432262192834	0.0	0.15508716131096417	22.25500764812336	1.5508716131096418	0.4652614839328925	0.38771790327741046	38.5391595857746	2.791568903597355	52.34191694245041	1.1631537098322313	0.6203486452438567	0.15508716131096417	37.29846229528688	6.048399291127603	18.45537219600474
SRR24888493	0.0	0.0	82.8224885172476	0.035709609880963326	0.0	0.0	0.05951601646827221	1.8092869006354753	0.0	1.8449965105164385	0.09522562634923554	0.5594505548017588	0.9998690766669731	0.511837741627141	0.04761281317461777	0.0	0.0	0.10712882964288997	0.04761281317461777	0.13093523623019887	0.0	4.642249284525232	0.21425765928577994	0.0	0.3570960988096333	0.0	0.0	0.0	0.0	3.9161538836123113	0.16664484611116218	39.911440643623344	0.05951601646827221	0.11903203293654442	0.3094832856350155	0.4523217251588688	0.0	0.16664484611116218	0.2856768790477066	0.0	0.2023544559921255	0.27377367575405215	0.7379986042065754	5.903988833652603	1.0950947030162086	2.2020926093260718	5.820666410597022	0.6546761811509944	11.807977667305206	1.2855459557146798	0.4880313350398321	0.0	0.0	0.7737082140875388	0.0	0.11903203293654442	4.130411542898091	0.3451928955159788	0.07141921976192665	1.3093523623019887	10.367690068773019	1.6902548676989309	11.879396887067132	0.3451928955159788	0.05951601646827221	0.0	13.153039639488158	1.4402875985321875	5.784956800716059
SRR24888494	0.0	0.0	109.88132298692837	0.0	0.0	0.1604647493630722	0.08640409581088503	1.78979912751119	0.0	1.3824655329741604	0.3085860564674465	0.13577786484567647	1.6663647049242114	1.4441827442676498	0.0	0.0	0.0	0.0	0.024686884517395723	0.024686884517395723	0.0	4.172083483439877	0.12343442258697862	0.0	0.357959825502238	0.0	0.0	0.0	0.0	12.689058641941402	0.2592122874326551	68.64188240061881	1.1479401300589012	0.3085860564674465	0.3826467100196337	0.8270106313327568	0.3456163832435401	0.12343442258697862	0.12343442258697862	0.0	0.3085860564674465	0.9504450539197353	0.3085860564674465	9.195864482729906	1.4071524174915562	1.061536034248016	12.022512759971717	1.345435206198067	15.824292975650659	1.431839302008952	1.6293343781481178	0.0	0.18515163388046793	0.9504450539197353	0.0	0.1604647493630722	7.270287490373041	0.7776368622979652	0.3332729409848423	1.6293343781481178	15.453989707889722	3.332729409848423	23.390823080232447	2.160102395272126	0.4567073635718209	0.06171721129348931	21.440559203358184	1.9872942036503558	9.874753806958289
SRR24888495	0.0	0.0	103.67178745766176	0.0	0.0	0.05066428220288907	0.012666070550722268	0.46864461037672395	0.1646589171593895	0.379982116521668	0.0	1.4185999016808941	15.186618590316	10.474840345447316	0.0	0.0	0.0	0.0	0.5066428220288908	0.0	0.0	29.27128904271916	1.0766159968113929	0.0	2.305224840231453	0.012666070550722268	0.0	0.0	0.45597853982600167	66.24354898027747	2.4698837573908423	195.29814182158665	3.622496177506569	0.17732498771011176	0.025332141101444536	2.254560558028564	0.1646589171593895	0.189991058260834	1.1399463495650042	0.012666070550722268	0.07599642330433361	0.9372892207534479	0.1266607055072227	46.763132473266616	0.46864461037672395	1.519928466086672	77.16170179500006	0.45597853982600167	51.120260742715075	4.876437162028074	13.806016900287272	0.0	0.0	0.519308892579613	0.012666070550722268	0.025332141101444536	53.62814271175809	6.168376358201745	0.9879535029563369	0.6206374569853912	48.66304305587496	8.397604775128864	126.93935905933857	3.7491568830137916	0.2786535521158899	0.0	92.55097751412761	20.759689632633798	53.84346591112036
SRR24888496	0.0	0.0	28.363102919339823	0.0	0.020597750849193772	0.12358650509516263	0.041195501698387545	1.4830380611419516	0.0	1.359451556046789	0.0	0.2883685118887128	2.7806963646411593	2.080372835768571	0.020597750849193772	0.0	0.0	0.020597750849193772	0.020597750849193772	0.0	0.0	6.138129753059744	0.24717301019032525	0.0	0.30896626273790656	0.0	0.041195501698387545	0.020597750849193772	0.061793252547581314	12.420443762063844	0.39135726613468164	47.972161727772296	0.30896626273790656	0.16478200679355018	0.08239100339677509	0.30896626273790656	0.10298875424596886	0.24717301019032525	0.1441842559443564	0.0	0.2883685118887128	1.3800493068959827	0.22657525934113149	9.351378885533972	0.1441842559443564	0.5561392729282318	14.274241338491283	1.977384081522602	11.63772922979448	2.4717301019032525	2.5335233544508338	0.0	0.061793252547581314	0.535541522079038	0.0	0.041195501698387545	6.241118507305713	1.1328762967056574	0.041195501698387545	0.18537975764274395	35.53112021485926	7.271006049765401	20.515359845796997	0.1441842559443564	0.08239100339677509	0.0	39.6918658863964	6.096934251361357	25.72659081064302
SRR24888497	0.0	0.0	140.44743035641523	0.0	0.0	0.2690563799931326	0.1434967359963374	4.663643919880966	0.03587418399908435	5.417001783861736	0.0	0.6636724039830604	4.520147183884628	2.744375075929953	0.0	0.0	0.0	0.0	0.2690563799931326	0.0	0.0	10.618758463728966	0.10762255199725304	0.0	0.8071691399793979	0.0	0.0	0.0	0.05381127599862652	23.2644083234062	0.8789175079775665	129.91835735268396	1.3632189919652051	1.6143382799587958	1.130036795971157	0.30493056399221696	0.41255311598947	0.8071691399793979	0.1434967359963374	0.03587418399908435	0.6816094959826026	0.520175667986723	0.03587418399908435	17.811532355545378	0.10762255199725304	1.0044771519743618	20.412410695478993	2.4932557879363624	25.59623028334668	2.0268913959482657	12.071662915691883	0.0	0.05381127599862652	0.21524510399450608	0.0	0.08968545999771087	12.394530571683642	0.5022385759871809	0.05381127599862652	0.8609804159780243	17.416916331555452	2.9058089039258324	34.31365699512418	1.7219608319560487	1.739897923955591	0.0	18.15233710353668	3.6771038599061456	7.659138283804508
SRR24888608	0.0	0.0	44.19169586410354	0.0	0.062198023735543326	0.46648517801657496	0.2643416008760591	4.229465614016946	0.0466485178016575	4.229465614016946	2.2546783604134455	0.10884654153720083	0.7619257907604058	0.6997277670248624	0.0	0.031099011867771663	0.0	0.0	0.23324258900828748	0.0	0.0	2.3013268782151033	0.2021435771405158	0.0	0.07774752966942916	0.0	0.0	0.0	0.0	7.339366800794113	0.031099011867771663	42.79224033005381	0.2487920949421733	0.2487920949421733	1.0573664035042365	1.3683565221819531	0.74637628482652	0.4042871542810316	0.23324258900828748	0.0	0.35763863647937416	0.2487920949421733	1.9747872536035007	10.651411564711795	4.742599309835179	5.831064725207187	7.277168777058569	3.1720992105127097	12.517352276778094	1.0262673916364649	1.0418168975703508	0.0	0.1399455534049725	5.006940910711238	0.062198023735543326	0.031099011867771663	4.151718084347517	0.5286832017521182	0.2487920949421733	1.4461040518513824	15.269614827075888	1.8814902180001856	15.938243582232978	1.2284109687769806	0.18659407120663	0.0	23.448654948299836	2.394623913818418	8.754371840777724
SRR24888609	0.0	0.0	17.307357051260496	0.0	0.058143416745555974	0.0775245556607413	0.19381138915185325	2.4226423643981656	0.0	1.7055402245363087	0.0	0.09690569457592663	1.5311099742996406	1.2791551684022315	0.0	0.0	0.0	0.019381138915185326	0.11628683349111195	0.0	0.0	2.2288309752463125	0.17443025023666792	0.019381138915185326	0.2131925280670386	0.0	0.019381138915185326	0.0	0.0	6.182583313944119	0.32947936155815055	29.9826219017917	0.2907170837277799	0.019381138915185326	0.27133594481259454	0.6395775842011158	0.13566797240629727	0.48452847287963313	0.19381138915185325	0.019381138915185326	0.13566797240629727	1.0853437792503782	0.5232907507100037	6.124439897198562	1.0465815014200075	1.724921363451494	9.438614651695254	1.7055402245363087	7.810598982819686	2.0544007250096445	1.143487195995934	0.0	0.0	0.6395775842011158	0.13566797240629727	0.019381138915185326	4.166944866764845	0.1550491113214826	0.058143416745555974	0.6395775842011158	23.935706560253877	4.748379034220404	12.442691183548979	0.5039096117948184	0.09690569457592663	0.019381138915185326	28.3933685107465	4.884047006626702	13.547416101714543
SRR24888610	0.0	0.0	15.839319729169373	0.0	0.0	0.015528744832518994	0.031057489665037987	1.0714833934438106	0.062114979330075974	0.5900923036357217	0.07764372416259496	0.3261036414828989	1.1801846072714435	0.8696097106210636	0.0	0.031057489665037987	0.0	0.0	0.015528744832518994	0.0	0.0	3.7113700149720397	0.23293117248778492	0.0	0.38821862081297487	0.0	0.0	0.015528744832518994	0.0	7.484855009274155	0.20187368282274692	26.119348808296948	0.4503336001430508	0.15528744832518993	0.29504615181786087	0.4503336001430508	0.062114979330075974	0.23293117248778492	0.09317246899511396	0.031057489665037987	0.04658623449755698	0.5124485794731268	0.34163238631541787	6.444429105495383	0.9472534347836586	0.8540809657885446	9.022200747693535	0.7143222622958737	7.050050153963623	1.1801846072714435	1.2733570762665576	0.0	0.0	0.29504615181786087	0.062114979330075974	0.031057489665037987	4.47227851176547	0.40374736564549385	0.09317246899511396	0.29504615181786087	15.000767508213348	2.670944111193267	14.131157797592284	0.4813910898080888	0.13975870349267094	0.04658623449755698	25.078922904518176	3.5716113114793684	12.749099507498094
SRR24888611	0.0	0.0	73.04303547642951	0.0	0.0	0.08894670662010414	0.07115736529608331	4.429545989681186	0.0	4.589650061597373	0.0	0.409154850452479	2.543875809334978	1.4943046712177495	0.0	0.0	0.0	0.0	0.0	0.0	0.0	7.204683236228434	0.10673604794412496	0.0	0.7293629942848538	0.0	0.017789341324020828	0.0	0.10673604794412496	10.655815453088476	0.49810155707258313	43.886305046359375	0.6937843116368122	0.17789341324020827	0.10673604794412496	0.6937843116368122	0.28462946118433324	1.3697792819496035	0.0	0.0	0.49810155707258313	0.07115736529608331	0.017789341324020828	7.880678206541226	0.35578682648041654	1.227464551357437	10.531290063820329	2.15251030020652	11.278442399429204	0.24905077853629157	7.96962491316133	0.0	0.0	0.16010407191618745	0.0	0.16010407191618745	4.981015570725831	0.28462946118433324	0.0	0.05336802397206248	6.493109583267602	1.4943046712177495	16.508508748691327	0.35578682648041654	0.24905077853629157	0.0	10.851498207652703	2.027984910938374	4.820911498809644
SRR24888612	0.0	0.0	105.38349801580941	0.0	0.0	0.07221015349856749	0.1010942148979945	2.455145218951295	0.0	1.9063480523621819	0.0433260920991405	0.404376859591978	2.2673988198550195	1.5452972848693445	0.0	0.0	0.0	0.0	0.0433260920991405	0.014442030699713499	0.0	6.68666021396735	0.1588623376968485	0.0	0.317724675393697	0.0	0.0	0.0	0.014442030699713499	9.257341678516353	0.5776812279885399	56.85827486477205	1.617507438367912	0.0433260920991405	0.07221015349856749	0.404376859591978	0.202188429795989	0.6787754428865345	0.0433260920991405	0.0	0.086652184198281	0.375492798192551	0.21663046049570248	11.625834713269366	0.46214498239083196	0.779869657784529	12.824523261345588	1.6319494690676255	12.940059506943296	3.1050366004384022	3.7260439205260827	0.0	0.0433260920991405	0.21663046049570248	0.028884061399426997	0.014442030699713499	7.307667534055031	0.5199131051896859	0.014442030699713499	0.346608736793124	31.44030083327629	3.4227612758320993	23.988212992224124	0.9098479340819504	0.1588623376968485	0.014442030699713499	18.41358914213471	2.5273553724498625	10.022769305601168
SRR24888616	0.0	0.024962664798416453	214.5457830541233	0.0	0.016641776532277636	0.20802220665347046	0.29123108931485864	4.0106681442789105	0.016641776532277636	4.643055652505461	0.024962664798416453	0.865372379678437	4.060593473875743	2.105184731333121	0.0	0.016641776532277636	0.008320888266138818	0.024962664798416453	0.07488799439524936	0.04992532959683291	0.04992532959683291	12.497974175740504	0.09985065919366581	0.04160444133069409	0.8570514914122983	0.0	0.016641776532277636	0.008320888266138818	0.024962664798416453	10.900363628641852	0.24130575971802573	65.11927157080238	0.7155963908879384	0.38276086024238565	0.21634309491960926	0.549178625565162	0.25794753625030337	1.006827480202797	0.15809687705663755	0.024962664798416453	0.5075741842344679	0.24962664798416453	0.14977598879049872	17.631962235948155	0.24962664798416453	0.6490292847588278	19.91188562087019	1.9138043012119281	15.784725040865338	1.9886922956071775	10.084916578560247	0.0	0.024962664798416453	0.3411564189116915	0.0	0.12481332399208227	11.33304981848107	0.3744399719762468	0.15809687705663755	0.6656710612911054	22.416472988977976	2.1800727257283703	35.505230231614334	0.8570514914122983	0.7821634970170489	0.008320888266138818	21.376361955710625	2.8374228987533368	8.412418037066345
SRR24888617	0.0	0.0	78.44300549080803	0.0	0.0	0.05058663294764061	0.05058663294764061	1.3489768786037497	0.05058663294764061	1.0791815028829996	0.01686221098254687	0.11803547687782809	2.4112961705042024	1.3152524566386559	0.0	0.01686221098254687	0.0	0.01686221098254687	0.06744884393018748	0.0	0.0	5.952360476839045	0.10117326589528122	0.0	0.2192087427731093	0.0	0.0	0.0	0.03372442196509374	30.638637355287663	0.387830852598578	174.75995462311576	0.8936971820749842	2.360709537556562	0.9611460260051716	0.3203820086683905	0.05058663294764061	0.42155527456367176	0.387830852598578	0.01686221098254687	0.1686221098254687	0.5564529624240467	0.08431105491273436	16.10341148833226	0.05058663294764061	0.6744884393018749	17.73904595363931	1.045457080917906	29.492007008474477	1.9897408959405307	4.266139378584358	0.0	0.05058663294764061	0.4384174855462186	0.0	0.06744884393018748	8.869522976819654	0.5901773843891405	0.11803547687782809	1.6356344653070465	25.141556574977383	3.60851315026503	31.700956647188114	3.5747887282999367	0.7925239161797029	0.01686221098254687	28.109305707905634	5.2104231936069825	18.143739017220433
SRR24888618	0.0	0.022250311014847365	157.02044483177784	0.0	0.0	0.17800248811877892	0.16687733261135523	6.775219704021023	0.0	6.085460062560754	0.011125155507423682	0.5562577753711841	3.3597969632419518	2.1471550129327706	0.0	0.0	0.0	0.0	0.08900124405938946	0.0	0.0	11.069529729886563	0.10012639956681314	0.0	1.0235143066829788	0.0	0.0	0.0	0.011125155507423682	13.372436919923265	0.41163075377467623	67.06243739874995	0.7898860410270814	0.05562577753711841	0.5673829308786078	0.8566369740716235	0.44500622029694725	2.191655634962465	0.07787608855196577	0.0	1.1347658617572156	0.45613137580437096	0.04450062202969473	13.761817362683095	0.3003791987004394	2.759038565841073	17.577745701729416	3.4821736738236124	15.096836023573937	1.2793928833537234	11.381034084094427	0.0	0.0	0.21137795464104997	0.0	0.6007583974008788	13.261185364849029	0.7787608855196577	0.20025279913362629	0.06675093304454209	14.407076382113669	1.8467758142323312	32.952710612988945	1.7021487926358234	2.2917820345292785	0.0	12.515799945851642	1.5352714600244681	6.697343615469056
SRR24888633	0.0	0.0	45.88269474836495	0.0	0.0	0.09306834634556785	0.3490062987958794	3.5133300745451863	0.0698012597591759	2.8153174769534273	0.8608822036965026	0.1396025195183518	2.443044091571156	1.6054289744610455	0.0	0.0	0.0	0.023267086586391962	0.0698012597591759	0.046534173172783924	0.0	4.86282109655592	0.16286960610474374	0.0	0.3024721256230955	0.0	0.0	0.0	0.0	12.517692583478876	0.8376151171101106	60.122151739236834	0.9539505500420704	0.628211337832583	1.0237518098012464	0.9772176366284624	0.7678138573509348	0.1861366926911357	0.046534173172783924	0.0	0.23267086586391963	0.9772176366284624	4.699951490451176	23.290353672978355	10.214251011426072	15.286475887259519	16.449830216579116	2.37324283181198	17.54338328613954	2.8618516501262112	1.4658264549426936	0.0	0.09306834634556785	3.746000940409106	0.023267086586391962	0.046534173172783924	12.261754631028564	2.0009694464297088	0.628211337832583	4.86282109655592	25.640329418203944	5.258361568524584	28.711584847607682	1.5123606281154776	0.0	0.023267086586391962	41.9738242018511	7.096461408849549	15.868153051919318
SRR24888634	0.0	0.0	59.52433654367506	0.0	0.0	0.13698069079088404	0.0	2.9886696172556517	0.0	2.266407793085536	0.6973562440263187	0.21169743122227533	3.5116868002753905	1.5690515490592172	0.0	0.0	0.0	0.0	0.08716953050328984	0.0	0.0	9.513931614930492	0.22415022129417386	0.0	0.8094313546734057	0.0	0.0	0.0	0.16188627093468114	22.20332469819511	0.5354699730916376	67.23261359818027	1.4569764384121302	0.24905580143797096	0.9962232057518838	1.6811266597063041	0.39848928230075353	0.21169743122227533	0.39848928230075353	0.0	0.39848928230075353	0.5354699730916376	3.1381030981184344	26.225575891418345	10.012043217806433	12.35316775132336	24.071243208979894	2.2165966327979416	19.82484179446249	3.0135751973994487	3.3747061094845066	0.0	0.0	1.8305601405690866	0.0	0.14943348086278258	17.010511238213418	2.092068732078956	0.2739613815817681	3.9226288726480427	27.408590948248705	4.707154647177651	38.20515994058475	1.9177296710723766	0.09962232057518838	0.0	54.356428663837164	8.804122580832274	22.47728607977688
