function	phylum	pre_HPM	drought_HPM	delta	log2FC	cliffs_delta	p	mixed_p	q_BH	mixed_q_BH
CAZy:GT	Pseudomonadota	1392.2986	1238.5958	-153.7027	-0.1688	-0.2783	0.1221	0.4748	0.2031	0.5899
CAZy:GT	NA	673.3257	802.6115	129.2858	0.2534	0.1826	0.3123	0.1904	0.406	0.2979
CAZy:GT	Actinomycetota	180.7947	626.6056	445.8109	1.7932	0.9	0.0	0.0	0.0001	0.0
CAZy:GT	Bacillota	315.229	451.66	136.431	0.5188	0.3435	0.056	0.0401	0.1076	0.1084
CAZy:GT	Ascomycota	33.2707	289.2382	255.9676	3.1199	0.8217	0.0	0.0085	0.0004	0.0383
CAZy:GT	Verrucomicrobiota	178.0965	215.2318	37.1353	0.2732	0.1304	0.4726	0.1747	0.5696	0.2812
CAZy:GT	Acidobacteriota	306.225	214.5244	-91.7006	-0.5134	-0.5174	0.0039	0.0943	0.0182	0.1797
CAZy:GT	Nitrospirota	123.1799	211.377	88.1971	0.779	0.4565	0.0109	0.003	0.0346	0.0193
CAZy:GT	Chloroflexota	144.7871	183.3454	38.5583	0.3406	0.3913	0.0293	0.0441	0.0703	0.113
CAZy:GT	Thermodesulfobacteriota	135.9392	165.2288	29.2896	0.2815	0.2435	0.1766	0.1859	0.2557	0.2919
CAZy:GT	Streptophyta	70.8442	106.0011	35.1569	0.5814	0.2913	0.1054	0.0398	0.1815	0.1082
CAZy:GT	Planctomycetota	105.7066	89.4722	-16.2343	-0.2406	-0.3478	0.0529	0.3067	0.1035	0.4261
CAZy:GT	Candidatus Rokuibacteriota	80.372	79.3164	-1.0555	-0.0191	-0.2435	0.1766	0.9284	0.2557	0.9433
CAZy:GT	Cyanobacteriota	54.048	75.4875	21.4395	0.482	0.2957	0.1003	0.0543	0.1747	0.1288
CAZy:GT	Chlorobiota	5.0777	55.0255	49.9479	3.4376	-0.3696	0.0396	0.3759	0.0854	0.4902
CAZy:GT	Myxococcota	75.9382	54.0239	-21.9143	-0.4912	-0.5435	0.0024	0.0673	0.0137	0.1457
CAZy:GT	Bacteroidota	121.9785	52.667	-69.3115	-1.2116	-0.7478	0.0	0.0	0.0009	0.0
CAZy:GT	Fidelibacterota	28.5001	44.2477	15.7476	0.6346	0.3391	0.0592	0.0243	0.1123	0.0779
CAZy:GT	Gemmatimonadota	45.3338	34.297	-11.0368	-0.4025	-0.4478	0.0126	0.0373	0.0384	0.1033
CAZy:GT	Candidatus Tectimicrobiota	15.9491	28.5173	12.5683	0.8383	0.4174	0.0201	0.0001	0.0526	0.0015
CAZy:GT	Chlamydiota	14.7065	22.2914	7.5849	0.6	0.2739	0.1281	0.0345	0.2066	0.0988
CAZy:GT	Spirochaetota	17.5215	20.9118	3.3903	0.2552	0.1957	0.2786	0.2228	0.372	0.3351
CAZy:GT	Nitrososphaerota	9.452	16.0758	6.6238	0.7661	0.5	0.0053	0.0003	0.021	0.0031
CAZy:GT	Aquificota	7.9967	14.9421	6.9453	0.9018	0.3783	0.0352	0.0904	0.0791	0.1769
CAZy:GT	Fusobacteriota	7.5619	10.0802	2.5183	0.4147	0.2826	0.1163	0.177	0.1965	0.2839
CAZy:GT	Candidatus Eiseniibacteriota	12.6205	9.3847	-3.2359	-0.4274	-0.4696	0.0089	0.2682	0.0295	0.3847
CAZy:GT	Basidiomycota	11.2997	7.8971	-3.4026	-0.5168	-0.4261	0.0176	0.0805	0.0481	0.1632
CAZy:GT	Glomeromycota	4.1729	6.1947	2.0218	0.5699	0.1696	0.3485	0.0657	0.4416	0.1443
CAZy:GT	Mycoplasmatota	4.7262	5.6672	0.941	0.2619	0.1	0.5838	0.4046	0.6728	0.5186
CAZy:GT	Chytridiomycota	6.2248	5.563	-0.6618	-0.1621	-0.1652	0.3612	0.4227	0.4538	0.5372
CAZy:GT	Ignavibacteriota	4.6642	3.4374	-1.2268	-0.4402	-0.513	0.0042	0.101	0.0185	0.1885
CAZy:GT	Chlorophyta	3.6719	2.8394	-0.8325	-0.3708	-0.3783	0.0352	0.0414	0.0791	0.1111
CAZy:GT	Oomycota	2.4404	2.8097	0.3692	0.2032	0.1913	0.2895	0.2351	0.382	0.3472
CAZy:GT	Candidatus Latescibacterota	2.9611	2.8023	-0.1588	-0.0795	-0.1261	0.4877	0.6137	0.5816	0.7184
CAZy:GT	Methanobacteriota	2.7027	2.7615	0.0588	0.0311	-0.1739	0.3362	0.9074	0.4333	0.9274
CAZy:GT	Evosea	7.1622	2.6951	-4.4671	-1.4097	-0.7739	0.0	0.0	0.0008	0.0
CAZy:GT	Thermomicrobiota	1.7472	2.5004	0.7532	0.5169	0.4217	0.0188	0.0083	0.05	0.0381
CAZy:GT	Armatimonadota	2.5485	2.3973	-0.1511	-0.0882	-0.2087	0.2474	0.6894	0.3375	0.7843
CAZy:GT	Candidatus Omnitrophota	3.0848	2.2572	-0.8277	-0.4505	-0.487	0.0066	0.0525	0.0246	0.1258
CAZy:GT	Nitrospinota	2.2045	2.2466	0.0421	0.0273	0.0	1.0	0.9258	1.0	0.9427
CAZy:GT	Campylobacterota	2.0502	2.2361	0.1859	0.1252	0.0304	0.8742	0.4697	0.911	0.5852
CAZy:GT	Calditrichota	2.2567	2.189	-0.0677	-0.0439	-0.1217	0.5031	0.8311	0.5984	0.8742
CAZy:GT	Cercozoa	5.0948	2.083	-3.0118	-1.2899	-0.7478	0.0	0.0	0.0009	0.0
CAZy:GT	Candidatus Methylomirabilota	2.1915	2.0401	-0.1514	-0.1032	-0.2391	0.1845	0.6724	0.2654	0.7709
CAZy:GT	Foraminifera	3.428	2.0169	-1.4111	-0.7649	-0.4565	0.0109	0.0481	0.0346	0.1183
CAZy:GT	Elusimicrobiota	2.4408	1.9743	-0.4665	-0.3059	-0.3522	0.05	0.2743	0.1	0.3897
CAZy:GT	Ciliophora	1.8712	1.9276	0.0564	0.0428	0.0304	0.8742	0.7586	0.911	0.8192
CAZy:GT	Deinococcota	1.9019	1.8185	-0.0834	-0.0647	-0.2087	0.2474	0.8113	0.3375	0.8593
CAZy:GT	Bdellovibrionota	3.9526	1.8042	-2.1484	-1.131	-0.6783	0.0002	0.0004	0.0022	0.0037
CAZy:GT	Candidatus Zixiibacteriota	1.9928	1.7249	-0.2679	-0.2082	-0.2435	0.1766	0.3737	0.2557	0.4899
CAZy:GT	Discosea	6.9951	1.6908	-5.3043	-2.048	-0.8783	0.0	0.0	0.0001	0.0
CAZy:GT	Tubulinea	5.3481	1.5536	-3.7945	-1.7827	-0.7739	0.0	0.0	0.0008	0.0
CAZy:GT	Mucoromycota	2.6536	1.4686	-1.185	-0.8531	-0.6783	0.0002	0.0	0.0022	0.0002
CAZy:GT	Lentisphaerota	1.3951	1.3224	-0.0726	-0.0771	-0.2217	0.2188	0.749	0.305	0.8128
CAZy:GT	Deferribacterota	1.2864	1.0901	-0.1963	-0.2387	-0.1391	0.4431	0.642	0.5399	0.7453
CAZy:GT	Synergistota	0.9707	0.9992	0.0285	0.0417	-0.0348	0.8551	0.9022	0.8995	0.9271
CAZy:GT	Candidatus Binatota	1.203	0.9416	-0.2614	-0.3532	-0.3609	0.0446	0.2875	0.0916	0.4033
CAZy:GT	Apicomplexa	1.1784	0.9034	-0.275	-0.3831	-0.3652	0.042	0.0391	0.088	0.1069
CAZy:GT	Candidatus Aminicenantota	1.0854	0.8635	-0.2219	-0.3297	-0.3652	0.042	0.2602	0.088	0.3768
CAZy:GT	Bacillariophyta	1.0329	0.8394	-0.1935	-0.2989	-0.2565	0.1543	0.0932	0.2382	0.1797
CAZy:GT	Rhodophyta	1.0067	0.8364	-0.1703	-0.267	-0.2739	0.1281	0.206	0.2066	0.3136
CAZy:GT	Candidatus Melainabacteria	1.3451	0.8267	-0.5184	-0.7016	-0.4957	0.0057	0.0159	0.0216	0.0594
CAZy:GT	Candidatus Hydrogenedentota	1.2894	0.8215	-0.4678	-0.6496	-0.4826	0.0071	0.0193	0.0257	0.0682
CAZy:GT	Mortierellomycota	1.5105	0.7444	-0.7661	-1.0199	-0.4783	0.0077	0.0066	0.0274	0.0318
CAZy:GT	Kickxellomycota	1.3253	0.7312	-0.5941	-0.8572	-0.6957	0.0001	0.0	0.0019	0.0001
CAZy:GT	Rhodothermota	0.7611	0.67	-0.0911	-0.1837	-0.4217	0.0188	0.573	0.05	0.6851
CAZy:GT	Candidatus Woesearchaeota	0.2886	0.6255	0.3368	1.113	0.3826	0.0331	0.021	0.0774	0.0725
CAZy:GT	Haptophyta	0.8461	0.587	-0.2591	-0.5267	-0.5304	0.0031	0.0285	0.0159	0.0884
CAZy:GT	Candidatus Sysuimicrobiota	0.5274	0.5822	0.0548	0.1424	-0.0652	0.724	0.6434	0.7876	0.7453
CAZy:GT	Candidatus Sumerlaeota	0.7962	0.572	-0.2242	-0.4764	-0.3739	0.0374	0.0464	0.0821	0.1164
CAZy:GT	Candidatus Cloacimonadota	0.4822	0.5573	0.0751	0.2084	0.0761	0.6789	0.3578	0.7513	0.4763
CAZy:GT	Thermoplasmatota	0.5936	0.5387	-0.0549	-0.1397	-0.1652	0.3612	0.6523	0.4538	0.7537
CAZy:GT	Neocallimastigomycota	3.5942	0.4895	-3.1047	-2.8737	-0.1348	0.4574	0.2868	0.5558	0.4033
CAZy:GT	Candidatus Poribacteria	0.4382	0.4827	0.0445	0.1393	0.0261	0.8935	0.6927	0.9267	0.7861
CAZy:GT	Balneolota	0.6271	0.4577	-0.1694	-0.4534	-0.4522	0.0117	0.1079	0.0363	0.1972
CAZy:GT	Euglenozoa	0.8753	0.4529	-0.4224	-0.949	-0.6739	0.0002	0.0	0.0022	0.0001
CAZy:GT	Fibrobacterota	0.6376	0.4463	-0.1913	-0.5136	-0.3478	0.0529	0.1005	0.1035	0.1883
CAZy:GT	Candidatus Bathyarchaeota	0.3325	0.415	0.0826	0.3191	0.1174	0.5188	0.3107	0.6089	0.4298
CAZy:GT	Thermotogota	0.4491	0.414	-0.0351	-0.1171	-0.1696	0.3485	0.726	0.4416	0.8038
CAZy:GT	Candidatus Shapironibacteriota	0.0588	0.3907	0.3319	2.7116	0.6261	0.0005	0.0001	0.0045	0.001
CAZy:GT	Uroviricota	0.2011	0.3889	0.1879	0.9485	0.4261	0.0176	0.0119	0.0481	0.0484
CAZy:GT	Candidatus Schekmaniibacteriota	0.532	0.382	-0.15	-0.4768	-0.3609	0.0446	0.058	0.0916	0.1313
CAZy:GT	Candidatus Handelsmaniibacteriota	0.3129	0.3521	0.0393	0.17	0.0174	0.9321	0.6598	0.9469	0.7604
CAZy:GT	Candidatus Aerophobota	0.4503	0.347	-0.1033	-0.3748	-0.2935	0.1028	0.2252	0.1777	0.3356
CAZy:GT	Monoblepharomycota	0.6779	0.3236	-0.3544	-1.0647	-0.5435	0.0024	0.0003	0.0137	0.0026
CAZy:GT	Candidatus Parcubacteria	0.3095	0.3198	0.0104	0.0474	-0.0783	0.67	0.8716	0.7434	0.9071
CAZy:GT	Candidatus Woeseibacteriota	0.1484	0.316	0.1676	1.085	0.4348	0.0154	0.0037	0.0449	0.0221
CAZy:GT	Candidatus Moduliflexota	0.3084	0.3143	0.006	0.0275	-0.1609	0.3741	0.9342	0.4687	0.9448
CAZy:GT	Chrysiogenota	0.2365	0.3121	0.0756	0.3985	0.1913	0.2895	0.0774	0.382	0.1583
CAZy:GT	Candidatus Giovannoniibacteriota	0.2024	0.3121	0.1097	0.6223	0.2457	0.1727	0.1061	0.2554	0.1955
CAZy:GT	Endomyxa	0.8047	0.2888	-0.5159	-1.475	-0.7478	0.0	0.0	0.0009	0.0
CAZy:GT	Candidatus Peregrinibacteriota	0.4383	0.2846	-0.1537	-0.6211	-0.3087	0.086	0.1309	0.1529	0.2267
CAZy:GT	Heterolobosea	0.6479	0.2819	-0.366	-1.1976	-0.6087	0.0007	0.0	0.0062	0.0003
CAZy:GT	Candidatus Coatesiibacteriota	0.4153	0.28	-0.1352	-0.5668	-0.2609	0.1474	0.0725	0.2291	0.1503
CAZy:GT	Candidatus Uhriibacteriota	0.3015	0.268	-0.0335	-0.1693	-0.213	0.2376	0.5977	0.327	0.709
CAZy:GT	Blastocladiomycota	0.5466	0.267	-0.2796	-1.031	-0.6478	0.0003	0.0	0.0032	0.0002
CAZy:GT	Candidatus Yanofskyibacteriota	0.2835	0.2594	-0.0241	-0.1279	-0.0717	0.6967	0.7317	0.7653	0.8038
CAZy:GT	candidate division WOR-3	0.4044	0.2547	-0.1497	-0.665	-0.4957	0.0057	0.0106	0.0216	0.044
CAZy:GT	Candidatus Desantisiibacteriota	0.1363	0.2525	0.1161	0.8843	0.3826	0.033	0.0124	0.0774	0.0493
CAZy:GT	Candidatus Hydrothermota	0.1457	0.2407	0.0951	0.7209	0.1261	0.4868	0.1645	0.5816	0.2688
CAZy:GT	Thermoproteota	0.2389	0.2293	-0.0096	-0.0591	-0.1913	0.2895	0.9087	0.382	0.9274
CAZy:GT	Kiritimatiellota	0.3323	0.2123	-0.12	-0.6441	-0.4348	0.0154	0.0521	0.0449	0.1255
CAZy:GT	Olpidiomycota	1.0256	0.2106	-0.815	-2.2785	-0.8022	0.0	0.0	0.0005	0.0
CAZy:GT	candidate division WWE3	0.1859	0.2013	0.0154	0.1142	-0.0087	0.9709	0.7121	0.9819	0.7959
CAZy:GT	Candidatus Kapaibacteriota	0.3038	0.1975	-0.1063	-0.6187	-0.4065	0.0235	0.1121	0.0602	0.2031
CAZy:GT	Candidatus Edwardsiibacteriota	0.167	0.1971	0.0301	0.2378	-0.0826	0.6521	0.5139	0.7329	0.6211
CAZy:GT	Candidatus Daviesiibacteriota	0.0899	0.1961	0.1062	1.1165	0.513	0.0042	0.0039	0.0185	0.0224
CAZy:GT	Vulcanimicrobiota	0.2878	0.1826	-0.1052	-0.6535	-0.3696	0.0396	0.0546	0.0854	0.1289
CAZy:GT	Zoopagomycota	0.3347	0.1771	-0.1576	-0.9146	-0.5652	0.0016	0.0034	0.0111	0.0207
CAZy:GT	Candidatus Margulisiibacteriota	0.1969	0.1694	-0.0275	-0.2155	-0.1174	0.5186	0.5032	0.6089	0.6115
CAZy:GT	Candidatus Saccharimonadota	0.2212	0.1681	-0.0532	-0.3944	-0.2761	0.1249	0.251	0.2063	0.3682
CAZy:GT	Candidatus Magasanikiibacteriota	0.2453	0.1657	-0.0796	-0.5628	-0.3087	0.0858	0.0666	0.1529	0.1449
CAZy:GT	Candidatus Thorarchaeota	0.1255	0.165	0.0395	0.3925	0.0609	0.7418	0.1965	0.805	0.3033
CAZy:GT	Candidatus Roizmaniibacteriota	0.1606	0.1581	-0.0024	-0.022	0.1087	0.5508	0.9444	0.6381	0.9508
CAZy:GT	Abditibacteriota	0.1266	0.1544	0.0278	0.2845	0.0826	0.6523	0.2591	0.7329	0.3768
CAZy:GT	Rozellomycota	0.256	0.1543	-0.1017	-0.7271	-0.5152	0.0041	0.0049	0.0183	0.0268
CAZy:GT	Nucleocytoviricota	0.21	0.1527	-0.0574	-0.4577	-0.3565	0.0472	0.3146	0.0957	0.4326
CAZy:GT	Candidatus Kryptoniota	0.3848	0.1502	-0.2346	-1.3512	-0.7522	0.0	0.0	0.0009	0.0
CAZy:GT	Candidatus Gottesmaniibacteriota	0.1524	0.1491	-0.0033	-0.0311	0.0717	0.6965	0.7879	0.7653	0.8387
CAZy:GT	Candidatus Dormiibacterota	0.1939	0.147	-0.0469	-0.397	-0.2783	0.1216	0.3915	0.2031	0.5061
CAZy:GT	Microsporidia	0.3087	0.1404	-0.1683	-1.131	-0.5391	0.0026	0.0003	0.0143	0.0026
CAZy:GT	Candidatus Moraniibacteriota	0.2033	0.1358	-0.0675	-0.5782	-0.4043	0.0241	0.1734	0.0615	0.2802
CAZy:GT	Promethearchaeota	0.0955	0.1337	0.0381	0.4801	0.1717	0.3421	0.2026	0.4397	0.3105
CAZy:GT	Atribacterota	0.1892	0.1297	-0.0595	-0.5409	-0.2522	0.1612	0.1018	0.2441	0.1892
CAZy:GT	Candidatus Kaiseribacteriota	0.1132	0.1292	0.016	0.1893	0.1087	0.5505	0.6	0.6381	0.7097
CAZy:GT	Candidatus Levyibacteriota	0.2035	0.1286	-0.0749	-0.6579	-0.2522	0.1612	0.0591	0.2441	0.1324
CAZy:GT	Candidatus Borrarchaeota	0.0714	0.1285	0.0571	0.8388	0.2043	0.2536	0.0347	0.3437	0.0988
CAZy:GT	Candidatus Bipolaricaulota	0.1483	0.1281	-0.0203	-0.2105	-0.1522	0.3999	0.6015	0.4954	0.7097
CAZy:GT	Entomophthoromycota	0.3566	0.1249	-0.2317	-1.506	-0.713	0.0001	0.0	0.0014	0.0
CAZy:GT	Aphelidiomycota	0.2059	0.1248	-0.0811	-0.7173	-0.35	0.0513	0.044	0.1022	0.113
CAZy:GT	Candidatus Fermentibacterota	0.1045	0.1125	0.0081	0.1061	0.0696	0.7055	0.8082	0.7712	0.8583
CAZy:GT	Candidatus Falkowiibacteriota	0.1831	0.1089	-0.0743	-0.7449	-0.513	0.0042	0.0274	0.0185	0.0862
CAZy:GT	Candidatus Berkelbacteria	0.0793	0.1004	0.0211	0.3363	-0.0217	0.9126	0.4533	0.94	0.5663
CAZy:GT	Candidatus Nealsoniibacteriota	0.0923	0.0993	0.007	0.1047	0.0348	0.855	0.7667	0.8995	0.8239
CAZy:GT	Candidatus Woykeibacteriota	0.065	0.097	0.032	0.5706	0.3174	0.0762	0.2232	0.1381	0.3351
CAZy:GT	Candidatus Curtissiibacteriota	0.0905	0.0961	0.0056	0.0854	-0.0804	0.6611	0.7051	0.7389	0.7922
CAZy:GT	Fornicata	0.2885	0.0959	-0.1926	-1.5792	-0.6522	0.0003	0.0	0.003	0.0002
CAZy:GT	Candidatus Hinthialibacterota	0.1559	0.0941	-0.0619	-0.7234	-0.3391	0.058	0.1786	0.1106	0.2845
CAZy:GT	Candidatus Fischeribacteriota	0.1252	0.0938	-0.0314	-0.413	-0.2739	0.1249	0.1585	0.2063	0.262
CAZy:GT	Candidatus Portnoyibacteriota	0.0845	0.0864	0.0019	0.0312	-0.0196	0.9219	0.9341	0.9414	0.9448
CAZy:GT	Minisyncoccota	0.0529	0.0832	0.0303	0.644	0.2478	0.1643	0.1617	0.2475	0.2652
CAZy:GT	Candidatus Raymondiibacteriota	0.2225	0.0782	-0.1443	-1.4962	-0.6826	0.0001	0.0	0.0021	0.0001
CAZy:GT	Parabasalia	0.1561	0.0778	-0.0783	-0.9961	-0.5109	0.0043	0.0216	0.0188	0.0735
CAZy:GT	Candidatus Lindowiibacteriota	0.1146	0.0776	-0.037	-0.5569	-0.3391	0.0576	0.1686	0.1102	0.2744
CAZy:GT	Candidatus Stahliibacteriota	0.0726	0.0755	0.003	0.0567	0.0391	0.8338	0.8763	0.8825	0.9089
CAZy:GT	Basidiobolomycota	0.1294	0.0754	-0.054	-0.771	-0.3652	0.0411	0.0813	0.0877	0.1641
CAZy:GT	Candidatus Fervidibacterota	0.2671	0.0754	-0.1917	-1.8116	-0.1522	0.3969	0.1589	0.4931	0.262
CAZy:GT	Caldisericota	0.125	0.0748	-0.0503	-0.7339	-0.2739	0.1263	0.0501	0.2066	0.1215
CAZy:GT	Preaxostyla	0.1741	0.0746	-0.0995	-1.2117	-0.5065	0.0047	0.0095	0.0197	0.0415
CAZy:GT	Candidatus Nomuraibacteriota	0.1254	0.0745	-0.0509	-0.7433	-0.3261	0.0674	0.0943	0.1252	0.1797
CAZy:GT	Candidatus Doudnaibacteriota	0.1306	0.0737	-0.0568	-0.8159	-0.3565	0.047	0.016	0.0957	0.0594
CAZy:GT	Candidatus Blackallbacteria	0.1054	0.0722	-0.0331	-0.5385	-0.0957	0.5976	0.2683	0.6851	0.3847
CAZy:GT	Candidatus Kerfeldiibacteriota	0.0707	0.0713	0.0005	0.0107	0.1087	0.5483	0.9818	0.6381	0.9834
CAZy:GT	Candidatus Sungiibacteriota	0.1068	0.0704	-0.0364	-0.5938	-0.1826	0.3038	0.3337	0.3973	0.451
CAZy:GT	Candidatus Buchananiibacteriota	0.042	0.0676	0.0256	0.6731	0.2304	0.1949	0.1353	0.2774	0.2322
CAZy:GT	Candidatus Auribacterota	0.1174	0.0674	-0.05	-0.7917	-0.2261	0.206	0.097	0.2908	0.1832
CAZy:GT	Microcaldota	0.0706	0.0669	-0.0037	-0.0761	-0.0478	0.7939	0.906	0.8491	0.9274
CAZy:GT	Perkinsozoa	0.1402	0.0662	-0.074	-1.0717	-0.4739	0.0081	0.0067	0.0287	0.0318
CAZy:GT	Candidatus Glassiibacteriota	0.1226	0.0645	-0.0582	-0.9174	-0.4478	0.0124	0.0572	0.0381	0.1308
CAZy:GT	Dictyoglomota	0.0467	0.0632	0.0165	0.4277	0.2587	0.1464	0.4015	0.2291	0.5175
CAZy:GT	Candidatus Wolfeibacteriota	0.0505	0.0534	0.0029	0.0801	-0.0196	0.9203	0.9802	0.9414	0.9834
CAZy:GT	Candidatus Rifleibacteriota	0.0719	0.0479	-0.024	-0.5768	-0.3913	0.028	0.2997	0.0689	0.4177
CAZy:GT	Candidatus Walliibacteriota	0.0846	0.0465	-0.0382	-0.8514	-0.3022	0.0894	0.1574	0.1573	0.262
CAZy:GT	Candidatus Wildermuthiibacteriota	0.056	0.0445	-0.0116	-0.3268	-0.0739	0.6814	0.7508	0.7523	0.8128
CAZy:GT	Candidatus Tayloriibacteriota	0.0544	0.0424	-0.012	-0.3515	-0.2	0.2627	0.3878	0.355	0.5028
CAZy:GT	Candidatus Anderseniibacteriota	0.0646	0.041	-0.0236	-0.6444	-0.3913	0.0271	0.1694	0.0683	0.2747
CAZy:GT	Candidatus Absconditibacteriota	0.0667	0.0316	-0.0351	-1.0542	-0.4174	0.0175	0.0228	0.0481	0.0766
CAZy:GT	Artverviricota	0.0828	0.0162	-0.0666	-2.2818	-0.6261	0.0002	0.0	0.0025	0.0002
CAZy:degradation	Pseudomonadota	1667.8808	1125.8428	-542.038	-0.567	-0.4957	0.0057	0.0033	0.0216	0.0205
CAZy:degradation	Actinomycetota	264.0224	575.3223	311.2999	1.1237	0.7391	0.0	0.0	0.0009	0.0
CAZy:degradation	NA	469.3013	395.7123	-73.589	-0.2461	-0.3913	0.0293	0.0473	0.0703	0.1178
CAZy:degradation	Acidobacteriota	563.9969	376.4756	-187.5212	-0.5831	-0.5522	0.0021	0.0425	0.0134	0.1115
CAZy:degradation	Bacillota	167.8739	326.2106	158.3367	0.9584	0.5087	0.0046	0.0037	0.0194	0.0221
CAZy:degradation	Planctomycetota	277.0711	188.0145	-89.0566	-0.5594	-0.5826	0.0012	0.0645	0.0089	0.1425
CAZy:degradation	Ascomycota	38.9221	183.3857	144.4636	2.2362	0.8609	0.0	0.0022	0.0002	0.0148
CAZy:degradation	Candidatus Rokuibacteriota	175.1284	150.7813	-24.347	-0.216	-0.3696	0.0396	0.2139	0.0854	0.3245
CAZy:degradation	Chloroflexota	136.1637	146.4554	10.2917	0.1051	-0.0174	0.9321	0.7104	0.9469	0.7959
CAZy:degradation	Bacteroidota	320.9499	142.047	-178.9029	-1.176	-0.7391	0.0	0.0	0.0009	0.0
CAZy:degradation	Verrucomicrobiota	177.0407	130.0019	-47.0388	-0.4455	-0.5435	0.0024	0.0855	0.0137	0.1703
CAZy:degradation	Myxococcota	159.8489	93.5003	-66.3486	-0.7737	-0.6565	0.0002	0.0017	0.0028	0.0123
CAZy:degradation	Chlorobiota	7.7085	78.1254	70.4169	3.3411	-0.1261	0.4877	0.3726	0.5816	0.4899
CAZy:degradation	Gemmatimonadota	88.8426	63.1186	-25.724	-0.4932	-0.5174	0.0039	0.0241	0.0182	0.0779
CAZy:degradation	Thermodesulfobacteriota	54.7217	45.431	-9.2907	-0.2684	-0.2304	0.2011	0.1917	0.2848	0.299
CAZy:degradation	Nitrospirota	47.8022	39.9688	-7.8334	-0.2582	-0.3348	0.0625	0.2649	0.1171	0.3823
CAZy:degradation	Candidatus Tectimicrobiota	21.0061	27.8456	6.8396	0.4066	0.0957	0.6006	0.0287	0.6869	0.0884
CAZy:degradation	Nitrososphaerota	18.8383	24.3287	5.4903	0.369	-0.0435	0.8171	0.1066	0.8676	0.1956
CAZy:degradation	Chlorophyta	17.0349	22.5255	5.4906	0.403	0.187	0.3007	0.1311	0.3945	0.2267
CAZy:degradation	Basidiomycota	24.2294	21.2659	-2.9636	-0.1882	-0.1696	0.3485	0.4251	0.4416	0.5386
CAZy:degradation	Cyanobacteriota	29.4407	19.5392	-9.9015	-0.5914	-0.5261	0.0033	0.0196	0.0168	0.0682
CAZy:degradation	Streptophyta	6.0842	12.5955	6.5113	1.0497	0.4391	0.0144	0.0056	0.0425	0.0286
CAZy:degradation	Glomeromycota	10.6017	11.5526	0.9508	0.1239	-0.2739	0.1281	0.0663	0.2066	0.1449
CAZy:degradation	Rhodophyta	6.2785	9.7145	3.436	0.6296	0.0478	0.7982	0.9834	0.8517	0.9834
CAZy:degradation	Candidatus Eiseniibacteriota	17.0031	9.3175	-7.6856	-0.8677	-0.6043	0.0007	0.0067	0.0065	0.0318
CAZy:degradation	Ignavibacteriota	11.8994	8.0293	-3.8702	-0.5675	-0.5565	0.0019	0.0345	0.0127	0.0988
CAZy:degradation	Spirochaetota	7.6034	7.2699	-0.3335	-0.0647	-0.1783	0.3241	0.7373	0.4189	0.8065
CAZy:degradation	Thermomicrobiota	3.923	6.1274	2.2044	0.6432	0.5174	0.0039	0.0012	0.0182	0.0089
CAZy:degradation	Microsporidia	5.3844	6.1243	0.7399	0.1857	0.1565	0.3874	0.4919	0.4826	0.6044
CAZy:degradation	Methanobacteriota	6.846	5.8739	-0.9721	-0.2209	-0.3174	0.0775	0.3854	0.14	0.5011
CAZy:degradation	Oomycota	4.622	5.4409	0.8189	0.2353	-0.2522	0.1615	0.6674	0.2441	0.7672
CAZy:degradation	Chytridiomycota	6.8061	4.9462	-1.8599	-0.4604	-0.4957	0.0057	0.0001	0.0216	0.0013
CAZy:degradation	Uroviricota	2.7253	4.7009	1.9756	0.7863	0.3652	0.042	0.026	0.088	0.0829
CAZy:degradation	Armatimonadota	6.2413	4.4589	-1.7825	-0.4851	-0.5217	0.0036	0.1819	0.0179	0.2877
CAZy:degradation	Chlamydiota	3.3956	3.9569	0.5613	0.2207	0.1478	0.4147	0.3557	0.5095	0.475
CAZy:degradation	Deinococcota	4.9629	3.6204	-1.3425	-0.4549	-0.5304	0.0031	0.1031	0.0159	0.1909
CAZy:degradation	Campylobacterota	3.6733	3.4825	-0.1909	-0.077	-0.1478	0.4147	0.6426	0.5095	0.7453
CAZy:degradation	Evosea	6.0993	3.3573	-2.742	-0.8611	-0.5957	0.0009	0.0004	0.0075	0.0035
CAZy:degradation	Nitrospinota	3.294	3.1999	-0.0941	-0.0418	-0.1478	0.4147	0.7265	0.5095	0.8038
CAZy:degradation	Bdellovibrionota	6.0536	3.1134	-2.9402	-0.9591	-0.6739	0.0002	0.0	0.0022	0.0002
CAZy:degradation	Apicomplexa	2.8781	3.0355	0.1575	0.0768	-0.0304	0.8742	0.8993	0.911	0.9263
CAZy:degradation	Candidatus Methylomirabilota	4.3814	3.0014	-1.38	-0.5456	-0.5043	0.0049	0.0541	0.0199	0.1288
CAZy:degradation	Candidatus Omnitrophota	5.1299	2.9292	-2.2007	-0.8082	-0.5609	0.0018	0.0006	0.0119	0.0054
CAZy:degradation	Calditrichota	3.6311	2.6515	-0.9796	-0.4535	-0.4435	0.0135	0.0875	0.0406	0.1727
CAZy:degradation	Elusimicrobiota	4.389	2.4415	-1.9476	-0.8459	-0.5435	0.0024	0.0126	0.0137	0.0497
CAZy:degradation	Candidatus Aminicenantota	3.2744	2.3422	-0.9322	-0.4832	-0.5174	0.0039	0.1174	0.0182	0.2087
CAZy:degradation	Fidelibacterota	3.2198	2.3037	-0.9161	-0.4828	-0.4826	0.0071	0.0722	0.0257	0.1503
CAZy:degradation	Mucoromycota	4.0487	2.2936	-1.7551	-0.8196	-0.7739	0.0	0.0	0.0008	0.0
CAZy:degradation	Deferribacterota	2.213	2.1189	-0.0941	-0.0626	0.0565	0.7608	0.7138	0.8197	0.7959
CAZy:degradation	Lentisphaerota	3.1938	2.0816	-1.1122	-0.6173	-0.5304	0.0031	0.0578	0.0159	0.1313
CAZy:degradation	Candidatus Zixiibacteriota	3.2643	2.0713	-1.193	-0.656	-0.5478	0.0022	0.0052	0.0135	0.0272
CAZy:degradation	Mortierellomycota	3.6767	1.9328	-1.7438	-0.9273	-0.6217	0.0005	0.0001	0.0049	0.0008
CAZy:degradation	Candidatus Latescibacterota	3.7605	1.927	-1.8334	-0.9642	-0.7217	0.0001	0.0	0.0013	0.0003
CAZy:degradation	Fusobacteriota	1.7369	1.8318	0.0949	0.0767	0.0652	0.724	0.7775	0.7876	0.8336
CAZy:degradation	Foraminifera	2.4232	1.6595	-0.7637	-0.5459	-0.3957	0.0276	0.0601	0.0686	0.134
CAZy:degradation	Candidatus Binatota	2.628	1.6448	-0.9832	-0.6757	-0.4696	0.0089	0.0271	0.0295	0.0857
CAZy:degradation	Candidatus Hydrogenedentota	2.4845	1.5947	-0.8898	-0.6393	-0.4609	0.0102	0.0212	0.033	0.0728
CAZy:degradation	Neocallimastigomycota	8.3619	1.5538	-6.808	-2.4272	0.0196	0.9224	0.3152	0.9414	0.4326
CAZy:degradation	Perkinsozoa	2.2879	1.4866	-0.8013	-0.6216	-0.1696	0.3485	0.0011	0.4416	0.0082
CAZy:degradation	Rhodothermota	2.1742	1.4808	-0.6934	-0.5538	-0.5696	0.0015	0.086	0.0106	0.1705
CAZy:degradation	Thermoproteota	1.6421	1.43	-0.2121	-0.1994	-0.2783	0.1221	0.7447	0.2031	0.812
CAZy:degradation	Ciliophora	2.1719	1.4282	-0.7437	-0.6044	-0.4391	0.0144	0.0046	0.0425	0.0254
CAZy:degradation	Mycoplasmatota	1.3288	1.4197	0.0909	0.0954	0.0304	0.8742	0.8341	0.911	0.8753
CAZy:degradation	Balneolota	2.1432	1.3918	-0.7514	-0.6224	-0.587	0.0011	0.0289	0.0086	0.0884
CAZy:degradation	Kickxellomycota	2.3473	1.3857	-0.9616	-0.7599	-0.6435	0.0003	0.0	0.0034	0.0003
CAZy:degradation	Candidatus Parcubacteria	0.8994	1.306	0.4066	0.5376	0.1261	0.4877	0.0748	0.5816	0.1537
CAZy:degradation	Discosea	2.7676	1.2755	-1.492	-1.1169	-0.6826	0.0001	0.0	0.0021	0.0003
CAZy:degradation	Aquificota	1.4084	1.1271	-0.2813	-0.3212	-0.2522	0.1615	0.1578	0.2441	0.262
CAZy:degradation	Bacillariophyta	1.4386	1.1024	-0.3363	-0.3838	-0.3783	0.0352	0.0321	0.0791	0.0958
CAZy:degradation	Cercozoa	2.2963	0.9318	-1.3645	-1.3003	-0.713	0.0001	0.0	0.0014	0.0
CAZy:degradation	Synergistota	1.2901	0.9258	-0.3643	-0.4783	-0.4696	0.0089	0.0361	0.0295	0.1013
CAZy:degradation	Candidatus Poribacteria	1.3275	0.9223	-0.4052	-0.5249	-0.5478	0.0022	0.0854	0.0135	0.1703
CAZy:degradation	Euglenozoa	1.6721	0.8347	-0.8374	-1.0014	-0.6304	0.0004	0.0	0.0043	0.0002
CAZy:degradation	Haptophyta	1.0121	0.7632	-0.2489	-0.4067	-0.387	0.0312	0.0457	0.0736	0.1151
CAZy:degradation	Entomophthoromycota	0.9906	0.7591	-0.2316	-0.3837	-0.3087	0.086	0.1812	0.1529	0.2876
CAZy:degradation	Candidatus Sysuimicrobiota	0.9469	0.7291	-0.2179	-0.3768	-0.2696	0.1343	0.2983	0.2131	0.417
CAZy:degradation	Candidatus Melainabacteria	1.2937	0.7135	-0.5802	-0.8576	-0.5652	0.0016	0.007	0.0111	0.0331
CAZy:degradation	Candidatus Bathyarchaeota	0.6576	0.7099	0.0523	0.1102	0.0065	0.9806	0.7295	0.9894	0.8038
CAZy:degradation	Thermoplasmatota	0.8063	0.667	-0.1394	-0.2734	-0.3435	0.056	0.3295	0.1076	0.4467
CAZy:degradation	Candidatus Cloacimonadota	0.8849	0.6549	-0.23	-0.4336	-0.3913	0.0293	0.0421	0.0703	0.1111
CAZy:degradation	Candidatus Sumerlaeota	0.9654	0.6374	-0.3279	-0.598	-0.5739	0.0014	0.033	0.01	0.0975
CAZy:degradation	Endomyxa	1.0731	0.5586	-0.5145	-0.9407	-0.5783	0.0013	0.0003	0.0095	0.003
CAZy:degradation	Candidatus Moduliflexota	0.6952	0.5303	-0.1649	-0.39	-0.5478	0.0022	0.2568	0.0135	0.3755
CAZy:degradation	Candidatus Peregrinibacteriota	0.7682	0.5026	-0.2656	-0.6111	-0.5174	0.0039	0.0122	0.0182	0.049
CAZy:degradation	Blastocladiomycota	0.7651	0.4758	-0.2893	-0.6842	-0.5087	0.0046	0.0028	0.0194	0.0185
CAZy:degradation	candidate division WOR-3	0.6762	0.457	-0.2192	-0.5642	-0.4043	0.0243	0.0439	0.0616	0.113
CAZy:degradation	Thermotogota	0.636	0.4541	-0.1819	-0.4852	-0.4739	0.0082	0.0922	0.0287	0.1788
CAZy:degradation	Kiritimatiellota	0.8043	0.4369	-0.3674	-0.879	-0.6826	0.0001	0.0056	0.0021	0.0286
CAZy:degradation	Candidatus Handelsmaniibacteriota	0.337	0.3662	0.0291	0.1193	-0.0935	0.6091	0.7478	0.6948	0.8128
CAZy:degradation	Candidatus Bipolaricaulota	0.3395	0.3654	0.0259	0.1058	-0.0261	0.8935	0.7823	0.9267	0.8362
CAZy:degradation	Fibrobacterota	0.6255	0.3608	-0.2646	-0.7919	-0.5739	0.0014	0.022	0.01	0.0742
CAZy:degradation	Candidatus Schekmaniibacteriota	0.4645	0.3596	-0.1049	-0.3684	-0.3261	0.0697	0.1991	0.1284	0.3063
CAZy:degradation	Candidatus Woesearchaeota	0.2612	0.35	0.0888	0.4209	0.2652	0.1407	0.1171	0.2218	0.2087
CAZy:degradation	Monoblepharomycota	0.4082	0.3469	-0.0613	-0.2341	-0.2217	0.2188	0.4306	0.305	0.5441
CAZy:degradation	Candidatus Dormiibacterota	0.3344	0.3447	0.0103	0.0437	-0.2	0.2679	0.8983	0.361	0.9263
CAZy:degradation	Heterolobosea	0.5768	0.3433	-0.2336	-0.7471	-0.5478	0.0022	0.0021	0.0135	0.0143
CAZy:degradation	Candidatus Yanofskyibacteriota	0.5268	0.3206	-0.2061	-0.7145	-0.4565	0.0109	0.0484	0.0346	0.1183
CAZy:degradation	Zoopagomycota	0.5483	0.318	-0.2303	-0.7842	-0.5	0.0053	0.0025	0.021	0.0165
CAZy:degradation	Candidatus Hinthialibacterota	0.262	0.2886	0.0266	0.1389	-0.0043	0.9903	0.7215	0.9925	0.8024
CAZy:degradation	Candidatus Tagaibacteriota	0.1467	0.2858	0.1392	0.9578	0.3783	0.035	0.0288	0.0791	0.0884
CAZy:degradation	Candidatus Joergenseniibacteriota	0.1728	0.2737	0.1009	0.6605	0.4261	0.0175	0.1292	0.0481	0.2252
CAZy:degradation	Promethearchaeota	0.2636	0.2583	-0.0053	-0.029	-0.113	0.5338	0.9404	0.6249	0.9489
CAZy:degradation	Atribacterota	0.3207	0.2555	-0.0652	-0.3267	-0.3478	0.0529	0.4401	0.1035	0.5513
CAZy:degradation	Candidatus Saccharimonadota	0.33	0.2549	-0.0751	-0.3713	-0.1978	0.2732	0.2258	0.367	0.3356
CAZy:degradation	Abditibacteriota	0.2867	0.2494	-0.0373	-0.2003	-0.3435	0.0559	0.6968	0.1076	0.7887
CAZy:degradation	Candidatus Nealsoniibacteriota	0.1924	0.2393	0.0469	0.3136	-0.0565	0.7608	0.3196	0.8197	0.4373
CAZy:degradation	Candidatus Magasanikiibacteriota	0.3046	0.2381	-0.0665	-0.3538	-0.3087	0.086	0.2234	0.1529	0.3351
CAZy:degradation	Candidatus Stahliibacteriota	0.1942	0.2369	0.0427	0.2856	0.3717	0.0385	0.607	0.0841	0.7125
CAZy:degradation	Candidatus Uhriibacteriota	0.3545	0.2328	-0.1217	-0.6044	-0.363	0.0433	0.0742	0.0902	0.1532
CAZy:degradation	Candidatus Fermentibacterota	0.2892	0.2315	-0.0577	-0.3198	-0.2717	0.1311	0.1502	0.2104	0.2538
CAZy:degradation	Chrysiogenota	0.35	0.2234	-0.1266	-0.6453	-0.463	0.0098	0.0195	0.032	0.0682
CAZy:degradation	Candidatus Woeseibacteriota	0.3062	0.2123	-0.0939	-0.5262	-0.4261	0.0176	0.0712	0.0481	0.1495
CAZy:degradation	Tubulinea	0.3788	0.2088	-0.17	-0.8565	-0.4261	0.0176	0.0039	0.0481	0.0224
CAZy:degradation	Candidatus Moraniibacteriota	0.4047	0.2005	-0.2043	-1.0099	-0.4652	0.0095	0.0029	0.0311	0.0185
CAZy:degradation	Candidatus Kapaibacteriota	0.5738	0.1995	-0.3744	-1.5198	-0.4152	0.0205	0.0	0.0535	0.0
CAZy:degradation	Fornicata	0.261	0.1977	-0.0634	-0.3993	-0.3261	0.0696	0.3113	0.1284	0.4298
CAZy:degradation	Candidatus Kryptoniota	0.3559	0.1922	-0.1636	-0.8849	-0.5348	0.0029	0.0084	0.0152	0.0381
CAZy:degradation	Candidatus Coatesiibacteriota	0.5136	0.1913	-0.3223	-1.4201	-0.6739	0.0002	0.0	0.0022	0.0001
CAZy:degradation	Candidatus Fervidibacterota	0.633	0.1881	-0.445	-1.7457	-0.4652	0.0095	0.0895	0.0311	0.1759
CAZy:degradation	Candidatus Aerophobota	0.3075	0.1799	-0.1276	-0.77	-0.5152	0.0041	0.0104	0.0183	0.044
CAZy:degradation	Candidatus Fischeribacteriota	0.2536	0.1788	-0.0748	-0.5015	-0.2348	0.1925	0.1576	0.2752	0.262
CAZy:degradation	Parabasalia	0.2355	0.1771	-0.0585	-0.4096	-0.2543	0.1577	0.194	0.2426	0.3005
CAZy:degradation	candidate division WWE3	0.3034	0.1749	-0.1285	-0.7908	-0.4457	0.0129	0.005	0.0391	0.0269
CAZy:degradation	Candidatus Falkowiibacteriota	0.2962	0.174	-0.1221	-0.7637	-0.5413	0.0025	0.0018	0.0141	0.0127
CAZy:degradation	Aphelidiomycota	0.3486	0.1601	-0.1885	-1.1178	-0.6652	0.0002	0.0	0.0025	0.0002
CAZy:degradation	Basidiobolomycota	0.2276	0.1565	-0.0711	-0.5376	-0.3217	0.0735	0.1002	0.1344	0.1883
CAZy:degradation	Candidatus Glassiibacteriota	0.2584	0.1519	-0.1065	-0.7625	-0.3957	0.0275	0.0419	0.0686	0.1111
CAZy:degradation	Candidatus Kaiseribacteriota	0.2234	0.1511	-0.0723	-0.5612	-0.2174	0.2275	0.1575	0.3151	0.262
CAZy:degradation	Rozellomycota	0.2635	0.1507	-0.1128	-0.8017	-0.3783	0.0351	0.0176	0.0791	0.0639
CAZy:degradation	Candidatus Auribacterota	0.1875	0.1478	-0.0396	-0.3404	-0.2109	0.2423	0.565	0.3325	0.6783
CAZy:degradation	Vulcanimicrobiota	0.1932	0.1423	-0.0509	-0.4382	-0.5043	0.0049	0.3293	0.0199	0.4467
CAZy:degradation	Candidatus Blackallbacteria	0.1918	0.1279	-0.0639	-0.5809	-0.0891	0.6261	0.2239	0.7088	0.3351
CAZy:degradation	Candidatus Roizmaniibacteriota	0.2418	0.1211	-0.1208	-0.992	-0.4696	0.0088	0.0009	0.0295	0.0073
CAZy:degradation	Pisuviricota	0.0856	0.1131	0.0275	0.3982	0.0957	0.5966	0.2596	0.6851	0.3768
CAZy:degradation	Candidatus Margulisiibacteriota	0.2152	0.1122	-0.1031	-0.9339	-0.5391	0.0026	0.0014	0.0142	0.0105
CAZy:degradation	Preaxostyla	0.3095	0.1026	-0.2068	-1.5831	-0.7	0.0001	0.0	0.0018	0.0
CAZy:degradation	Microcaldota	0.0983	0.1026	0.0043	0.0608	0.0565	0.7598	0.8711	0.8197	0.9071
CAZy:degradation	Candidatus Firestoneibacteriota	0.1624	0.099	-0.0634	-0.708	-0.3783	0.035	0.7378	0.0791	0.8065
CAZy:degradation	Candidatus Lindowiibacteriota	0.1673	0.0949	-0.0724	-0.8112	-0.3739	0.0368	0.0375	0.082	0.1033
CAZy:degradation	Candidatus Doudnaibacteriota	0.1922	0.0897	-0.1025	-1.0914	-0.537	0.0027	0.0045	0.0146	0.0254
CAZy:degradation	Candidatus Nomuraibacteriota	0.1086	0.0883	-0.0203	-0.2955	-0.0913	0.6169	0.3423	0.7001	0.4599
CAZy:degradation	Nucleocytoviricota	0.2139	0.0877	-0.1262	-1.2772	-0.5435	0.0024	0.0005	0.0137	0.0039
CAZy:degradation	Candidatus Levyibacteriota	0.1471	0.0862	-0.0609	-0.7644	-0.3609	0.0444	0.0236	0.0916	0.0779
CAZy:degradation	Candidatus Raymondiibacteriota	0.3142	0.0852	-0.229	-1.871	-0.7652	0.0	0.0	0.0008	0.0
CAZy:degradation	Candidatus Gottesmaniibacteriota	0.1707	0.0818	-0.0889	-1.0527	-0.4522	0.0116	0.006	0.0363	0.0299
CAZy:degradation	Candidatus Heimdallarchaeota	0.1237	0.0781	-0.0456	-0.6575	-0.213	0.2347	0.1785	0.3241	0.2845
CAZy:degradation	Candidatus Thorarchaeota	0.0723	0.0773	0.005	0.0954	0.0391	0.835	0.8296	0.8825	0.8742
CAZy:degradation	Candidatus Microgenomatota	0.0934	0.0771	-0.0163	-0.2735	-0.0043	0.9902	0.5586	0.9925	0.6733
CAZy:degradation	Candidatus Wolfeibacteriota	0.07	0.0752	0.0052	0.1011	-0.0217	0.9126	0.8131	0.94	0.8593
CAZy:degradation	Candidatus Hydrothermota	0.1554	0.072	-0.0833	-1.0981	-0.6478	0.0003	0.0002	0.0032	0.0025
CAZy:degradation	Candidatus Daviesiibacteriota	0.1091	0.0713	-0.0378	-0.6068	-0.2652	0.1364	0.0947	0.2157	0.1797
CAZy:degradation	Candidatus Azamiibacteriota	0.1093	0.071	-0.0383	-0.615	-0.3043	0.0896	0.1592	0.1573	0.262
CAZy:degradation	Candidatus Staskawicziibacteriota	0.0658	0.0704	0.0046	0.0968	0.0043	0.9902	0.8725	0.9925	0.9071
CAZy:degradation	Candidatus Portnoyibacteriota	0.0561	0.0692	0.0131	0.2973	-0.0217	0.9109	0.7044	0.94	0.7922
CAZy:degradation	Candidatus Sungiibacteriota	0.1095	0.068	-0.0415	-0.6786	-0.2739	0.1268	0.0568	0.2066	0.1306
CAZy:degradation	Candidatus Shapironibacteriota	0.1031	0.0675	-0.0356	-0.6031	-0.1696	0.3475	0.3591	0.4416	0.4766
CAZy:degradation	Candidatus Delongiibacteriota	0.0391	0.0653	0.0262	0.725	0.0783	0.6657	0.1163	0.7414	0.2083
CAZy:degradation	Candidatus Berkelbacteria	0.1318	0.065	-0.0668	-1.0079	-0.387	0.0309	0.0022	0.0734	0.0152
CAZy:degradation	Caldisericota	0.1037	0.0631	-0.0406	-0.7068	-0.3543	0.0479	0.0434	0.0966	0.113
CAZy:degradation	Candidatus Curtissiibacteriota	0.0921	0.0594	-0.0327	-0.6238	-0.287	0.1096	0.0167	0.188	0.0615
CAZy:degradation	Candidatus Spechtiibacteriota	0.0429	0.0593	0.0164	0.4591	-0.0522	0.7658	0.5839	0.823	0.6964
CAZy:degradation	candidate division LCP-89	0.0745	0.0587	-0.0158	-0.3389	-0.0804	0.6592	0.3713	0.7387	0.4899
CAZy:degradation	Candidatus Desantisiibacteriota	0.1188	0.0576	-0.0612	-1.0313	-0.5022	0.0048	0.0182	0.0199	0.0654
CAZy:degradation	Candidatus Rifleibacteriota	0.0678	0.0576	-0.0103	-0.233	-0.1913	0.2843	0.6791	0.3784	0.7766
CAZy:degradation	Candidatus Niyogiibacteriota	0.0948	0.057	-0.0378	-0.7235	-0.3674	0.0402	0.0239	0.0862	0.0779
CAZy:degradation	Dictyoglomota	0.0643	0.0563	-0.0079	-0.1869	-0.2674	0.1332	0.7301	0.2129	0.8038
CAZy:degradation	Candidatus Kerfeldiibacteriota	0.0714	0.0535	-0.0178	-0.4085	-0.0783	0.6666	0.2411	0.7414	0.3548
CAZy:degradation	Candidatus Woykeibacteriota	0.0886	0.0527	-0.0359	-0.7392	-0.2065	0.2509	0.0711	0.3412	0.1495
CAZy:degradation	Negarnaviricota	0.0312	0.0519	0.0207	0.7159	0.113	0.4181	0.4912	0.5123	0.6044
CAZy:degradation	Candidatus Ryaniibacteriota	0.0601	0.0473	-0.0128	-0.3382	-0.1	0.5717	0.5099	0.6606	0.618
CAZy:degradation	Candidatus Beckwithiibacteriota	0.0595	0.0451	-0.0144	-0.3932	-0.2652	0.1283	0.4992	0.2066	0.6083
CAZy:degradation	Candidatus Buchananiibacteriota	0.0577	0.0448	-0.0129	-0.3579	-0.1283	0.4724	0.5658	0.5696	0.6783
CAZy:degradation	Candidatus Cryosericota	0.0905	0.0437	-0.0469	-1.0354	-0.2978	0.0891	0.0585	0.1573	0.1318
CAZy:degradation	Candidatus Vogeliibacteriota	0.0596	0.0429	-0.0167	-0.4656	-0.0435	0.8073	0.4342	0.8593	0.547
CAZy:degradation	Minisyncoccota	0.051	0.0423	-0.0087	-0.2637	-0.0696	0.6984	0.6034	0.7653	0.71
CAZy:degradation	Candidatus Amesiibacteriota	0.0564	0.0416	-0.0148	-0.4294	-0.2217	0.215	0.2765	0.3015	0.3914
CAZy:degradation	Candidatus Altarchaeota	0.0877	0.0407	-0.047	-1.0897	-0.3261	0.0667	0.0234	0.1244	0.0778
CAZy:degradation	Candidatus Yonathiibacteriota	0.0627	0.0406	-0.0221	-0.6143	-0.2435	0.173	0.1139	0.2554	0.2048
CAZy:degradation	Kitrinoviricota	0.0531	0.0348	-0.0183	-0.5972	-0.2174	0.2216	0.1835	0.3079	0.2892
CAZy:degradation	Candidatus Tayloriibacteriota	0.0622	0.0347	-0.0275	-0.8248	-0.2304	0.1915	0.1395	0.2746	0.2374
CAZy:degradation	Candidatus Aenigmatarchaeota	0.0738	0.0292	-0.0446	-1.3072	-0.387	0.0277	0.0064	0.0686	0.0316
CAZy:degradation	Thermosulfidibacterota	0.0914	0.0288	-0.0626	-1.6321	-0.4609	0.0087	0.0008	0.0295	0.0067
CAZy:degradation	Candidatus Komeiliibacteriota	0.0551	0.028	-0.0271	-0.9514	-0.1609	0.3589	0.1354	0.4535	0.2322
CAZy:degradation	Candidatus Edwardsiibacteriota	0.0825	0.0252	-0.0572	-1.6702	-0.5478	0.0015	0.0003	0.0106	0.0025
CAZy:degradation	Candidatus Colwelliibacteriota	0.0645	0.0223	-0.0422	-1.491	-0.3543	0.0341	0.1228	0.0791	0.2173
CAZy:degradation	Candidatus Iainarchaeota	0.0791	0.0208	-0.0583	-1.8778	-0.3783	0.0297	0.005	0.0708	0.0269
CAZy:degradation	Candidatus Fraseribacteriota	0.0594	0.0199	-0.0394	-1.5271	-0.4087	0.0164	0.0322	0.0468	0.0958
CAZy:degradation	Olpidiomycota	0.0614	0.0196	-0.0418	-1.5972	-0.3587	0.0353	0.0095	0.0791	0.0415
CAZy:degradation	candidate division CPR2	0.0516	0.0194	-0.0322	-1.3643	-0.2283	0.1737	0.0682	0.2557	0.1457
CAZy:degradation	Candidatus Goldiibacteriota	0.0525	0.0184	-0.0341	-1.4648	-0.2739	0.102	0.0482	0.1771	0.1183
CAZy:degradation	Candidatus Wildermuthiibacteriota	0.0562	0.018	-0.0382	-1.5881	-0.4848	0.0037	0.009	0.0181	0.0403
CAZy:degradation	candidate division CPR3	0.0543	0.0137	-0.0406	-1.9128	-0.3826	0.0206	0.0355	0.0535	0.1003
Osm:Mannitol	Ascomycota	0.0968	0.8357	0.7388	3.0963	0.6384	0.0004	0.0138	0.004	0.0524
Osm:Mannitol	Actinomycetota	0.0041	0.1316	0.1275	4.7028	0.4325	0.0056	0.0714	0.0216	0.1495
Osm:Mannitol	Chloroflexota	0.0029	0.1002	0.0973	4.7134	0.6156	0.0001	0.0031	0.0021	0.0193
Osm:Mannitol	Bacillota	0.0021	0.0772	0.0751	4.6708	0.4233	0.0067	0.0554	0.0246	0.1301
Osm:Mannitol	Pseudomonadota	0.0862	0.0355	-0.0507	-1.2571	-0.4256	0.0162	0.0137	0.0466	0.0524
Osm:Other	Pseudomonadota	75.0533	43.4512	-31.6021	-0.7885	-0.5261	0.0033	0.0697	0.0168	0.148
Osm:Other	Actinomycetota	11.2275	31.14	19.9125	1.4717	0.7522	0.0	0.0002	0.0009	0.0017
Osm:Other	Acidobacteriota	8.8849	6.8894	-1.9955	-0.3669	-0.5478	0.0022	0.3385	0.0135	0.4561
Osm:Other	NA	9.2991	5.7495	-3.5497	-0.6936	-0.5522	0.0021	0.0131	0.0134	0.0514
Osm:Other	Bacillota	2.1504	5.5496	3.3992	1.3674	0.2826	0.1163	0.0106	0.1965	0.044
Osm:Other	Chloroflexota	5.0777	4.9508	-0.1269	-0.0365	-0.2478	0.1689	0.8504	0.2528	0.8903
Osm:Other	Planctomycetota	4.7487	3.5913	-1.1575	-0.4029	-0.4522	0.0117	0.144	0.0363	0.2442
Osm:Other	Ascomycota	0.8328	3.172	2.3392	1.928	0.3739	0.0374	0.0104	0.0821	0.044
Osm:Other	Candidatus Rokuibacteriota	4.1169	3.0959	-1.0211	-0.4111	-0.613	0.0006	0.2738	0.0058	0.3897
Osm:Other	Myxococcota	4.0939	2.4847	-1.6092	-0.7202	-0.6826	0.0001	0.0296	0.0021	0.0899
Osm:Other	Gemmatimonadota	1.7959	1.4392	-0.3567	-0.3192	-0.3348	0.0625	0.204	0.1171	0.3115
Osm:Other	Verrucomicrobiota	1.6256	1.3857	-0.2399	-0.2302	-0.3913	0.0293	0.5945	0.0703	0.707
Osm:Other	Candidatus Tectimicrobiota	1.56	1.0713	-0.4887	-0.5418	-0.3565	0.0472	0.0683	0.0957	0.1457
Osm:Other	Bacteroidota	2.5255	1.0131	-1.5124	-1.317	-0.6652	0.0002	0.0	0.0025	0.0001
Osm:Other	Thermodesulfobacteriota	0.7426	0.5387	-0.2039	-0.4625	-0.4717	0.0085	0.2788	0.0295	0.3935
Osm:Other	Nitrospirota	0.9785	0.5109	-0.4676	-0.9362	-0.6043	0.0007	0.0077	0.0065	0.0358
Osm:Other	Basidiomycota	0.6173	0.4977	-0.1196	-0.3102	-0.2261	0.2098	0.4083	0.2952	0.5218
Osm:Other	Chlorobiota	0.0501	0.4765	0.4264	3.223	-0.0174	0.9217	0.3652	0.9414	0.4834
Osm:Other	Cyanobacteriota	0.7503	0.4726	-0.2777	-0.6657	-0.5826	0.0012	0.0185	0.0089	0.066
Osm:Other	Nitrososphaerota	0.1998	0.4288	0.2289	1.0974	0.4239	0.0182	0.0051	0.0494	0.0269
Osm:Other	Candidatus Eiseniibacteriota	0.5183	0.3264	-0.1919	-0.6655	-0.4087	0.0228	0.0564	0.0587	0.1306
Osm:Other	Deinococcota	0.292	0.252	-0.04	-0.2118	-0.2457	0.1727	0.4962	0.2554	0.6063
Osm:Other	Foraminifera	0.4913	0.2382	-0.2531	-1.0414	-0.4174	0.02	0.0348	0.0526	0.0988
Osm:Other	Methanobacteriota	0.2097	0.2183	0.0086	0.0579	-0.1174	0.5186	0.8936	0.6089	0.9247
Osm:Other	Thermomicrobiota	0.1461	0.1207	-0.0254	-0.2731	-0.1174	0.5179	0.4955	0.6089	0.6063
Osm:Other	Glomeromycota	0.1407	0.0988	-0.0418	-0.5048	-0.1109	0.5414	0.4788	0.6321	0.5932
Osm:Other	Spirochaetota	0.115	0.0984	-0.0166	-0.2223	-0.2435	0.1757	0.6194	0.2557	0.7232
Osm:Other	Ignavibacteriota	0.1411	0.0925	-0.0485	-0.603	-0.4391	0.0141	0.1239	0.0422	0.2184
Osm:Other	Oomycota	0.1107	0.0914	-0.0193	-0.2738	-0.1826	0.3107	0.3746	0.4052	0.4899
Osm:Other	Armatimonadota	0.0588	0.0876	0.0288	0.5677	0.1565	0.3834	0.1937	0.479	0.3005
Osm:Other	Candidatus Zixiibacteriota	0.0331	0.0829	0.0498	1.2996	0.2391	0.1707	0.0447	0.2546	0.1134
Osm:Other	Calditrichota	0.0978	0.0814	-0.0164	-0.262	-0.1783	0.3219	0.4872	0.4173	0.6019
Osm:Other	Cercozoa	0.1553	0.0643	-0.0911	-1.2601	-0.4261	0.0157	0.0003	0.0455	0.003
Osm:Other	Fidelibacterota	0.0991	0.062	-0.0371	-0.6677	-0.2565	0.1517	0.1261	0.235	0.2215
Osm:Other	Candidatus Binatota	0.0834	0.0604	-0.023	-0.4589	-0.1304	0.4698	0.329	0.5694	0.4467
Osm:Other	Candidatus Methylomirabilota	0.0505	0.0604	0.0099	0.254	-0.0522	0.7725	0.7616	0.8282	0.8205
Osm:Other	Evosea	0.107	0.0575	-0.0495	-0.8837	-0.3413	0.056	0.0309	0.1076	0.0932
Osm:Other	Chlorophyta	0.1132	0.0555	-0.0576	-1.0138	-0.5043	0.0047	0.0142	0.0197	0.0536
Osm:Other	Candidatus Sumerlaeota	0.0464	0.0514	0.005	0.1454	0.0109	0.9605	0.7837	0.9736	0.8362
Osm:Other	Mucoromycota	0.0921	0.0463	-0.0458	-0.977	-0.3891	0.0285	0.0485	0.0697	0.1183
Osm:Other	Euglenozoa	0.1442	0.0441	-0.1001	-1.6871	-0.5087	0.004	0.0008	0.0183	0.0064
Osm:Other	Candidatus Melainabacteria	0.0855	0.0426	-0.0429	-0.988	-0.3109	0.0759	0.042	0.1381	0.1111
Osm:Other	Nitrospinota	0.0809	0.0403	-0.0407	-0.9898	-0.4174	0.017	0.0344	0.0481	0.0988
Osm:Other	Chytridiomycota	0.0965	0.0382	-0.0584	-1.316	-0.487	0.0053	0.0106	0.021	0.044
Osm:Other	Elusimicrobiota	0.0614	0.0378	-0.0236	-0.6859	-0.2174	0.1953	0.3531	0.2774	0.4729
Osm:Other	Ciliophora	0.0663	0.0355	-0.0309	-0.8849	-0.2565	0.1414	0.4046	0.2221	0.5186
Osm:Other	Campylobacterota	0.0653	0.0331	-0.0323	-0.9615	-0.3261	0.0611	0.0677	0.1155	0.1457
Osm:Other	Bacillariophyta	0.0846	0.0268	-0.0578	-1.6223	-0.5457	0.0011	0.0135	0.0086	0.0524
Osm:Other	Tubulinea	0.0548	0.0268	-0.028	-1.0066	-0.2652	0.1171	0.0921	0.1971	0.1788
Osm:Other	Thermoproteota	0.0593	0.0253	-0.034	-1.198	-0.2826	0.0915	0.1138	0.1601	0.2048
Osm:Other	Mortierellomycota	0.0549	0.0156	-0.0393	-1.7513	-0.4	0.0188	0.0118	0.05	0.0482
Osm:Other	Discosea	0.0969	0.0087	-0.0882	-3.3393	-0.6174	0.0002	0.0	0.0028	0.0
Osm:Other	Neocallimastigomycota	0.0896	0.0049	-0.0847	-3.9496	-0.1348	0.274	0.2336	0.367	0.3461
Osm:Trehalose	Pseudomonadota	13.0762	17.2568	4.1806	0.4002	0.2696	0.1343	0.1108	0.2131	0.2017
Osm:Trehalose	Actinomycetota	2.7925	10.5868	7.7943	1.9223	0.887	0.0	0.0	0.0001	0.0
Osm:Trehalose	Planctomycetota	2.1447	4.544	2.3993	1.0828	0.6	0.0008	0.0	0.007	0.0001
Osm:Trehalose	Acidobacteriota	4.954	4.4524	-0.5016	-0.154	-0.1391	0.4431	0.7034	0.5399	0.7922
Osm:Trehalose	NA	2.7551	4.0944	1.3392	0.5713	0.2739	0.1281	0.0176	0.2066	0.0639
Osm:Trehalose	Candidatus Rokuibacteriota	1.6183	2.5122	0.8939	0.6342	0.3217	0.0735	0.0445	0.1344	0.1134
Osm:Trehalose	Chloroflexota	1.4749	2.4643	0.9893	0.7401	0.3739	0.0374	0.0375	0.0821	0.1033
Osm:Trehalose	Myxococcota	1.5355	1.9904	0.4548	0.3741	0.0826	0.6524	0.2744	0.7329	0.3897
Osm:Trehalose	Bacteroidota	1.3315	1.8559	0.5244	0.4788	0.2609	0.1474	0.0558	0.2291	0.1303
Osm:Trehalose	Thermodesulfobacteriota	1.0543	1.8474	0.7931	0.8086	0.4739	0.0082	0.0057	0.0287	0.0289
Osm:Trehalose	Nitrospirota	1.0644	1.516	0.4516	0.5099	0.2522	0.1615	0.0846	0.2441	0.1699
Osm:Trehalose	Verrucomicrobiota	0.7262	1.3848	0.6586	0.9303	0.587	0.0011	0.0011	0.0086	0.0082
Osm:Trehalose	Cyanobacteriota	0.5845	0.9585	0.374	0.7125	0.4217	0.0188	0.0066	0.05	0.0318
Osm:Trehalose	Gemmatimonadota	0.5945	0.7815	0.187	0.3939	0.2391	0.1845	0.1274	0.2654	0.2228
Osm:Trehalose	Bacillota	0.2159	0.5093	0.2934	1.2342	0.7391	0.0	0.0	0.0009	0.0001
Osm:Trehalose	Deinococcota	0.1683	0.2921	0.1238	0.7918	0.3522	0.05	0.034	0.1	0.0988
Osm:Trehalose	Elusimicrobiota	0.1447	0.2651	0.1204	0.869	0.287	0.1107	0.0241	0.1891	0.0779
Osm:Trehalose	Candidatus Omnitrophota	0.1881	0.2621	0.074	0.4767	0.2435	0.1762	0.0939	0.2557	0.1797
Osm:Trehalose	Candidatus Methylomirabilota	0.1332	0.2177	0.0845	0.7041	0.1891	0.2945	0.1371	0.3874	0.2343
Osm:Trehalose	Thermomicrobiota	0.0998	0.2106	0.1108	1.0695	0.4826	0.0071	0.0039	0.0257	0.0224
Osm:Trehalose	Candidatus Eiseniibacteriota	0.2369	0.1859	-0.051	-0.3482	-0.2848	0.113	0.4396	0.1924	0.5513
Osm:Trehalose	Spirochaetota	0.107	0.1776	0.0706	0.7256	0.2478	0.1686	0.0565	0.2528	0.1306
Osm:Trehalose	Ascomycota	0.065	0.1753	0.1103	1.418	0.4826	0.0067	0.0096	0.0246	0.0415
Osm:Trehalose	Methanobacteriota	0.059	0.1057	0.0468	0.8315	0.3652	0.0414	0.0616	0.0879	0.1368
Osm:Trehalose	Chlorobiota	0.0373	0.1018	0.0645	1.4256	0.1065	0.5079	0.4111	0.6025	0.5239
Osm:Trehalose	Candidatus Binatota	0.0527	0.1001	0.0474	0.9135	0.3457	0.0518	0.0798	0.1027	0.1626
Osm:Trehalose	Ignavibacteriota	0.0107	0.0714	0.0606	2.623	0.6913	0.0001	0.0	0.0014	0.0001
Osm:Trehalose	Synergistota	0.0487	0.0563	0.0076	0.2047	0.0913	0.6127	0.687	0.6972	0.7836
