	AR31 sp035649755	Gp6-AA40 sp963818645	SCGC-AG-212-J23 sp035454685	DATEDA01 sp963762785	DATBVX01 sp035455565	SCGC-AG-212-J23 sp036376975	Gp6-AA40 sp035710305	Methyloceanibacter sp035715445	DATBIJ01 sp036557025	DATBJJ01 sp963797625	DATKFM01 sp963810485	DASRDR01 sp963765195	CAVVWJ01 sp046729675	DATCJA01 sp963734635	Methyloceanibacter sp963802845	Pseudolabrys sp035703125	VGTJ01 sp963733195	TA-21 sp036277875	Nitrospira_C sp035454845	Reyranella sp021732285	Nitrospira_C sp047150005	Nitrospira_D sp029194675	JBGPEQ01 sp050180895	SCGC-AG-212-J23 sp035251315	JAEUMW01 sp039807745	DASRDR01 sp963799055	TH1177 sp032155045	DASSJM01 sp036280655	JAJVID01 sp036565725	TA-21 sp035620895	Methyloceanibacter sp963744945	Bradyrhizobium jicamae	DATFEN01 sp035251085	Cupriavidus sp036746135	Nitrospira_C sp036376045	DATJKD01 sp052039045	Metapseudomonas sp029871205	Cupriavidus sp000426345	JAJVID01 sp035275345	JAREAF01 sp035456545	TH1177 sp036376955	JARDZU01 sp032155085	Palsa-1315 sp035275205	AWTP1-13 sp050248715	CAVVWJ01 sp036566145	Nitrospira_C sp036378015	Agromyces sp965652625	Bradyrhizobium pachyrhizi	Ensifer sp001429285	Ensifer adhaerens	TH5896 sp029237515	Rhizobium altiplani	Aquipseudomonas sp013359595	Rhabdochlamydia porcellionis	t__GCA_035649755.1	t__GCA_963818645.1	t__GCA_035454685.1	t__GCA_963762785.1	t__GCA_035455565.1	t__GCA_036376975.1	t__GCA_035710305.1	t__GCA_035715445.1	t__GCA_036557025.1	t__GCA_963797625.1	t__GCA_963810485.1	t__GCA_963765195.1	t__GCA_046729675.1	t__GCA_963734635.1	t__GCA_963802845.1	t__GCA_035703125.1	t__GCA_963733195.1	t__GCA_036277875.1	t__GCA_035454845.1	t__GCA_021732285.1	t__GCA_047150005.1	t__GCA_029194675.1	t__GCA_050180895.1	t__GCA_035251315.1	t__GCA_039807745.1	t__GCA_963799055.1	t__GCA_032155045.1	t__GCA_036280655.1	t__GCA_036565725.1	t__GCA_035620895.1	t__GCA_963744945.1	t__GCF_001440395.1	t__GCA_035251085.1	t__GCA_036746135.1	t__GCA_036376045.1	t__GCA_052039045.1	t__GCF_029871205.1	t__GCF_000426345.1	t__GCA_035275345.1	t__GCA_035456545.1	t__GCA_036376955.1	t__GCA_032155085.1	t__GCA_035275205.1	t__GCA_050248715.1	t__GCA_036566145.1	t__GCA_036378015.1	t__GCA_965652625.1	t__GCF_001189245.1	t__GCF_049905105.1	t__GCF_000697965.2	t__GCA_029237515.1	t__GCF_001542405.1	t__GCF_013359595.1	t__GCF_015356815.2	TA-21 sp014523595	Methyloceanibacter sp035275445	TA-21 sp036554685	AWTP1-13 sp035762425	TH1177 sp035297365	t__GCA_014523595.1	t__GCA_035275445.1	t__GCA_036554685.1	t__GCA_035762425.1	t__GCA_035297365.1	JAKEFM01 sp967798035	Pseudolabrys sp040512415	SG8-41 sp044867805	JAABQT01 sp035251235	JAJVID01 sp035275805	Methyloceanibacter sp052039105	ZC4RG19 sp046734715	DATACQ01 sp036555515	Flavobacterium gelatinilyticum	t__GCA_967798035.1	t__GCA_040512415.1	t__GCA_044867805.1	t__GCA_035251235.1	t__GCA_035275805.1	t__GCA_052039105.1	t__GCA_046734715.1	t__GCA_036555515.1	t__GCF_027111295.1	JAJKIV01 sp036509075	Agromyces mariniharenae	Agromyces sp042796995	DATFRX01 sp032154865	Flavobacterium sp035456225	Peribacillus asahii_A	t__GCA_036509075.1	t__GCF_008122505.1	t__GCF_042796995.1	t__GCA_032154865.1	t__GCF_035456225.1	t__GCF_004006295.1	DATBSL01 sp036559805	SCUD01 sp035281265	DASSJM01 sp036277855	Reyranella sp035296945	Z2-YC6860 sp963787955	Palsa-1315 sp035457905	t__GCA_036559805.1	t__GCA_035281265.1	t__GCA_036277855.1	t__GCA_035296945.1	t__GCA_963787955.1	t__GCA_035457905.1	Reyranella sp902825855	Microbacterium sp965345345	DP-20 sp036554745	Brocadia sp030837935	t__GCA_902825855.1	t__GCF_965345345.1	t__GCA_036554745.1	t__GCA_030837935.1	DATBSL01 sp963744315	TH1177 sp963695855	t__GCA_963744315.1	t__GCA_963695855.1	DASTBU01 sp035711845	DASRRB01 sp036732755	t__GCA_035711845.1	t__GCA_036732755.1	SG8-41 sp035620515	JAGVSZ01 sp964543155	SG8-41 sp036555615	DASSJM01 sp035250725	TH1177 sp035706205	t__GCA_035620515.1	t__GCA_964543155.1	t__GCA_036555615.1	t__GCA_035250725.1	t__GCA_035706205.1	JBEVEP01 sp040512755	JAOUEA01 sp035249905	DASTBR01 sp035711945	t__GCA_040512755.1	t__GCA_035249905.1	t__GCA_035711945.1	SCGC-AG-212-J23 sp025929745	Gp6-AA40 sp025924295	TA-21 sp014381105	Nitrosocosmicus oleophilus	t__GCA_025929745.1	t__GCA_025924295.1	t__GCA_014381105.1	t__GCF_000802205.1	Metapseudomonas sp029871235	t__GCF_029871235.1	Metapseudomonas resinovorans_D	Geopseudomonas oryzagri	Cupriavidus pickettii_A	Aquipseudomonas putida_Z	t__GCF_002003485.1	t__GCF_020831405.1	t__GCA_000471925.1	t__GCF_040214835.1	Metapseudomonas sp029871245	Bradyrhizobium elkanii	Streptomyces nanshensis_A	RHKX01 sp035759925	Saccharopolyspora_C sp040643635	Streptomyces chartreusis	Rhizobium sp002944315	Streptomyces sp042873115	Nocardioides sp042730435	Pseudonocardia sp001420995	Rhizobium sp002211285	Bacillus altitudinis	Bacillus safensis	Penicillium citrinum	t__GCF_029871245.1	t__GCF_023278185.1	t__GCF_001751255.1	t__GCA_035759925.1	t__GCF_040643635.1	t__GCF_008704715.1	t__GCF_002944315.1	t__GCF_042873115.1	t__GCF_042730435.1	t__GCF_001420995.1	t__GCF_002211285.1	t__GCF_000691145.1	t__GCF_000691165.1	t__GCF_028827155.1	Azotobacter chroococcum	Ensifer adhaerens_I	Pseudonocardia sp050246655	DASTFP01 sp036525175	t__GCF_004339665.1	t__GCF_028993555.1	t__GCF_050246655.1	t__GCA_036525175.1	JAIBJN01 sp035698025	TH1177 sp035250975	Nitrososphaera sp035281285	t__GCA_035698025.1	t__GCA_035250975.1	t__GCA_035281285.1	Microbacterium trichothecenolyticum_D	Arthrobacter sp044748905	Aquipseudomonas sp039673335	Streptomyces sp044754405	t__GCF_041938625.1	t__GCF_044748905.1	t__GCF_039673335.1	t__GCF_044754405.1	Rubrivivax sp964446545	Gp6-AA40 sp963772955	Bradyrhizobium sp023387735	t__GCA_964446545.1	t__GCA_963772955.1	t__GCA_023387735.1	Metapseudomonas resinovorans_C	Aeromonas sp051657805	Aquipseudomonas peradeniyensis	Comamonas thiooxydans	Acinetobacter johnsonii	Flavobacterium sp913777665	Sphingobacterium siyangense	Acinetobacter soli	Bacillus_A cereus_AU	t__GCF_013393345.1	t__GCF_051657805.1	t__GCF_014268935.2	t__GCF_000964545.1	t__GCF_000368045.1	t__GCA_913777665.1	t__GCF_007830445.1	t__GCF_000760595.1	t__GCF_002577405.1	DATBSL01 sp963724555	GMQP-bins7 sp035457765	t__GCA_963724555.1	t__GCA_035457765.1	DASRDR01 sp036257195	JAREAF01 sp035620695	SHXO01 sp036554965	Z2-YC6860 sp963814215	DATFES01 sp035457725	SG8-41 sp036555035	Ramlibacter sp035559095	CAYXGZ01 sp964464755	DATBJG01 sp963790545	Nitrospira_C japonica_A	t__GCA_036257195.1	t__GCA_035620695.1	t__GCA_036554965.1	t__GCA_963814215.1	t__GCA_035457725.1	t__GCA_036555035.1	t__GCA_035559095.1	t__GCA_964464755.1	t__GCA_963790545.1	t__GCF_900169565.1	DATFES01 sp035250945	t__GCA_035250945.1	DASRDR01 sp035550795	Stenotrophomonas maltophilia_O	t__GCA_035550795.1	t__GCF_006974125.1	Nitrospira_D sp029194665	Gp6-AA40 sp035649635	Nitrospira_D sp036277675	t__GCA_029194665.1	t__GCA_035649635.1	t__GCA_036277675.1	CAZWGW01 sp964633565	JACZVU01 sp035620755	DATADW01 sp036258335	JBIOXB01 sp044869275	Arthrobacter sp044391085	Neobacillus sp013396335	t__GCA_964633565.1	t__GCA_035620755.1	t__GCA_036258335.1	t__GCA_044869275.1	t__GCF_044391085.1	t__GCF_013396335.1	VBDM01 sp963699535	t__GCA_963699535.1	PNKE01 sp050789245	t__GCA_050789245.1	Rubrivivax sp019635285	JAOUEA01 sp035711865	Streptomyces caniscabiei	Mycobacterium sp036235365	Peribacillus frigoritolerans	t__GCA_019635285.1	t__GCA_035711865.1	t__GCF_014930365.1	t__GCF_036235365.1	t__GCF_039526365.1
SRR24887495	10.3005	9.7377	7.8939	7.065	6.8208	6.2343	2.5513	2.4751	2.4636	2.4522	2.1212	2.0709	1.9389	1.9254	1.6727	1.4882	1.4803	1.4285	1.3952	1.3733	1.355	1.2893	1.1831	1.1516	1.1411	1.1351	1.1323	1.0948	1.053	0.9955	0.8824	0.8668	0.8136	0.8048	0.7578	0.6851	0.6791	0.6634	0.6349	0.6303	0.6112	0.6001	0.5563	0.5085	0.5014	0.4666	0.465	0.4481	0.4142	0.397	0.338	0.3295	0.3184	0.2072	10.3005	9.7377	7.8939	7.065	6.8208	6.2343	2.5513	2.4751	2.4636	2.4522	2.1212	2.0709	1.9389	1.9254	1.6727	1.4882	1.4803	1.4285	1.3952	1.3733	1.355	1.2893	1.1831	1.1516	1.1411	1.1351	1.1323	1.0948	1.053	0.9955	0.8824	0.8668	0.8136	0.8048	0.7578	0.6851	0.6791	0.6634	0.6349	0.6303	0.6112	0.6001	0.5563	0.5085	0.5014	0.4666	0.465	0.4481	0.4142	0.397	0.338	0.3295	0.3184	0.2072	0.0	0.0	0.0	0.0	0.0	0.0	0.0	0.0	0.0	0.0	0.0	0.0	0.0	0.0	0.0	0.0	0.0	0.0	0.0	0.0	0.0	0.0	0.0	0.0	0.0	0.0	0.0	0.0	0.0	0.0	0.0	0.0	0.0	0.0	0.0	0.0	0.0	0.0	0.0	0.0	0.0	0.0	0.0	0.0	0.0	0.0	0.0	0.0	0.0	0.0	0.0	0.0	0.0	0.0	0.0	0.0	0.0	0.0	0.0	0.0	0.0	0.0	0.0	0.0	0.0	0.0	0.0	0.0	0.0	0.0	0.0	0.0	0.0	0.0	0.0	0.0	0.0	0.0	0.0	0.0	0.0	0.0	0.0	0.0	0.0	0.0	0.0	0.0	0.0	0.0	0.0	0.0	0.0	0.0	0.0	0.0	0.0	0.0	0.0	0.0	0.0	0.0	0.0	0.0	0.0	0.0	0.0	0.0	0.0	0.0	0.0	0.0	0.0	0.0	0.0	0.0	0.0	0.0	0.0	0.0	0.0	0.0	0.0	0.0	0.0	0.0	0.0	0.0	0.0	0.0	0.0	0.0	0.0	0.0	0.0	0.0	0.0	0.0	0.0	0.0	0.0	0.0	0.0	0.0	0.0	0.0	0.0	0.0	0.0	0.0	0.0	0.0	0.0	0.0	0.0	0.0	0.0	0.0	0.0	0.0	0.0	0.0	0.0	0.0	0.0	0.0	0.0	0.0	0.0	0.0	0.0	0.0	0.0	0.0	0.0	0.0	0.0	0.0	0.0	0.0	0.0	0.0	0.0	0.0	0.0	0.0	0.0	0.0	0.0	0.0	0.0	0.0	0.0	0.0	0.0	0.0	0.0	0.0	0.0	0.0	0.0	0.0	0.0	0.0	0.0	0.0	0.0	0.0	0.0	0.0	0.0	0.0	0.0	0.0	0.0	0.0	0.0	0.0	0.0	0.0	0.0	0.0	0.0	0.0	0.0	0.0	0.0	0.0	0.0	0.0	0.0	0.0	0.0	0.0	0.0	0.0	0.0	0.0
SRR24887496	10.5114	6.8897	7.7571	7.3883	6.3013	7.583	0.0	2.2554	2.0891	5.4236	2.0527	1.682	1.5077	1.631	1.5297	1.4838	1.3549	1.7998	1.3794	1.083	1.2274	1.1061	1.2215	0.8351	0.5579	1.1117	1.1484	1.1815	1.0358	1.0447	0.7346	0.467	0.0	0.0	0.5312	0.4549	0.0	0.0	0.6365	0.6229	0.5667	1.0975	0.5182	0.4351	0.0	0.3376	0.0	0.0	0.0	0.0	0.3508	0.0	0.0	0.3857	10.5114	6.8897	7.7571	7.3883	6.3013	7.583	0.0	2.2554	2.0891	5.4236	2.0527	1.682	1.5077	1.631	1.5297	1.4838	1.3549	1.7998	1.3794	1.083	1.2274	1.1061	1.2215	0.8351	0.5579	1.1117	1.1484	1.1815	1.0358	1.0447	0.7346	0.467	0.0	0.0	0.5312	0.4549	0.0	0.0	0.6365	0.6229	0.5667	1.0975	0.5182	0.4351	0.0	0.3376	0.0	0.0	0.0	0.0	0.3508	0.0	0.0	0.3857	8.8135	0.7215	0.7162	0.3303	0.1069	8.8135	0.7215	0.7162	0.3303	0.1069	0.0	0.0	0.0	0.0	0.0	0.0	0.0	0.0	0.0	0.0	0.0	0.0	0.0	0.0	0.0	0.0	0.0	0.0	0.0	0.0	0.0	0.0	0.0	0.0	0.0	0.0	0.0	0.0	0.0	0.0	0.0	0.0	0.0	0.0	0.0	0.0	0.0	0.0	0.0	0.0	0.0	0.0	0.0	0.0	0.0	0.0	0.0	0.0	0.0	0.0	0.0	0.0	0.0	0.0	0.0	0.0	0.0	0.0	0.0	0.0	0.0	0.0	0.0	0.0	0.0	0.0	0.0	0.0	0.0	0.0	0.0	0.0	0.0	0.0	0.0	0.0	0.0	0.0	0.0	0.0	0.0	0.0	0.0	0.0	0.0	0.0	0.0	0.0	0.0	0.0	0.0	0.0	0.0	0.0	0.0	0.0	0.0	0.0	0.0	0.0	0.0	0.0	0.0	0.0	0.0	0.0	0.0	0.0	0.0	0.0	0.0	0.0	0.0	0.0	0.0	0.0	0.0	0.0	0.0	0.0	0.0	0.0	0.0	0.0	0.0	0.0	0.0	0.0	0.0	0.0	0.0	0.0	0.0	0.0	0.0	0.0	0.0	0.0	0.0	0.0	0.0	0.0	0.0	0.0	0.0	0.0	0.0	0.0	0.0	0.0	0.0	0.0	0.0	0.0	0.0	0.0	0.0	0.0	0.0	0.0	0.0	0.0	0.0	0.0	0.0	0.0	0.0	0.0	0.0	0.0	0.0	0.0	0.0	0.0	0.0	0.0	0.0	0.0	0.0	0.0	0.0	0.0	0.0	0.0	0.0	0.0	0.0	0.0	0.0	0.0	0.0	0.0	0.0	0.0	0.0	0.0	0.0	0.0	0.0	0.0	0.0	0.0	0.0	0.0	0.0	0.0	0.0	0.0	0.0	0.0	0.0	0.0	0.0	0.0	0.0	0.0	0.0	0.0	0.0	0.0	0.0	0.0	0.0	0.0	0.0	0.0	0.0	0.0
SRR24887501	7.9411	2.7578	16.068	6.601	3.4272	3.4739	11.4088	2.0465	2.3915	0.8967	2.0024	1.2615	0.0	1.7186	0.0	2.5255	1.2438	1.8275	2.4191	1.254	0.0	0.8725	1.2455	0.8705	0.7669	0.0	1.516	1.6557	0.0	1.4042	0.0	0.5993	0.0	0.0	0.0	0.6474	0.0	0.0	0.7296	0.7891	0.6131	0.6314	0.9603	0.4939	0.0	0.0	0.4388	0.0	0.0	0.0	0.8441	0.0	0.0	0.2548	7.9411	2.7578	16.068	6.601	3.4272	3.4739	11.4088	2.0465	2.3915	0.8967	2.0024	1.2615	0.0	1.7186	0.0	2.5255	1.2438	1.8275	2.4191	1.254	0.0	0.8725	1.2455	0.8705	0.7669	0.0	1.516	1.6557	0.0	1.4042	0.0	0.5993	0.0	0.0	0.0	0.6474	0.0	0.0	0.7296	0.7891	0.6131	0.6314	0.9603	0.4939	0.0	0.0	0.4388	0.0	0.0	0.0	0.8441	0.0	0.0	0.2548	0.0	0.0	1.8105	0.3808	0.0	0.0	0.0	1.8105	0.3808	0.0	2.4146	2.2778	1.6828	1.3269	1.0468	0.8153	0.8102	0.4949	0.3415	2.4146	2.2778	1.6828	1.3269	1.0468	0.8153	0.8102	0.4949	0.3415	0.0	0.0	0.0	0.0	0.0	0.0	0.0	0.0	0.0	0.0	0.0	0.0	0.0	0.0	0.0	0.0	0.0	0.0	0.0	0.0	0.0	0.0	0.0	0.0	0.0	0.0	0.0	0.0	0.0	0.0	0.0	0.0	0.0	0.0	0.0	0.0	0.0	0.0	0.0	0.0	0.0	0.0	0.0	0.0	0.0	0.0	0.0	0.0	0.0	0.0	0.0	0.0	0.0	0.0	0.0	0.0	0.0	0.0	0.0	0.0	0.0	0.0	0.0	0.0	0.0	0.0	0.0	0.0	0.0	0.0	0.0	0.0	0.0	0.0	0.0	0.0	0.0	0.0	0.0	0.0	0.0	0.0	0.0	0.0	0.0	0.0	0.0	0.0	0.0	0.0	0.0	0.0	0.0	0.0	0.0	0.0	0.0	0.0	0.0	0.0	0.0	0.0	0.0	0.0	0.0	0.0	0.0	0.0	0.0	0.0	0.0	0.0	0.0	0.0	0.0	0.0	0.0	0.0	0.0	0.0	0.0	0.0	0.0	0.0	0.0	0.0	0.0	0.0	0.0	0.0	0.0	0.0	0.0	0.0	0.0	0.0	0.0	0.0	0.0	0.0	0.0	0.0	0.0	0.0	0.0	0.0	0.0	0.0	0.0	0.0	0.0	0.0	0.0	0.0	0.0	0.0	0.0	0.0	0.0	0.0	0.0	0.0	0.0	0.0	0.0	0.0	0.0	0.0	0.0	0.0	0.0	0.0	0.0	0.0	0.0	0.0	0.0	0.0	0.0	0.0	0.0	0.0	0.0	0.0	0.0	0.0	0.0	0.0	0.0	0.0	0.0	0.0	0.0	0.0	0.0	0.0	0.0	0.0	0.0	0.0	0.0	0.0	0.0	0.0	0.0	0.0	0.0	0.0	0.0	0.0
SRR24887502	8.8028	9.2262	5.8102	5.6878	4.279	2.1549	4.8269	5.1871	0.0	4.6335	1.8725	1.5252	1.6782	1.6766	1.672	1.0995	1.458	1.4907	1.0921	1.0982	1.2967	0.551	0.9118	0.8855	0.6749	0.0	2.4281	1.5293	0.8906	1.1043	0.8824	0.6192	0.8222	0.3859	0.5447	0.4598	0.0	0.3638	0.5407	0.5513	0.7251	1.0746	0.4144	0.4297	0.3084	0.2098	1.0312	0.3743	0.4549	0.2509	0.3923	0.254	0.0	0.6387	8.8028	9.2262	5.8102	5.6878	4.279	2.1549	4.8269	5.1871	0.0	4.6335	1.8725	1.5252	1.6782	1.6766	1.672	1.0995	1.458	1.4907	1.0921	1.0982	1.2967	0.551	0.9118	0.8855	0.6749	0.0	2.4281	1.5293	0.8906	1.1043	0.8824	0.6192	0.8222	0.3859	0.5447	0.4598	0.0	0.3638	0.5407	0.5513	0.7251	1.0746	0.4144	0.4297	0.3084	0.2098	1.0312	0.3743	0.4549	0.2509	0.3923	0.254	0.0	0.6387	6.8901	0.9244	0.6583	0.2874	0.0	6.8901	0.9244	0.6583	0.2874	0.0	0.0	0.0	0.0	0.0	0.0	0.0	0.6191	0.0	0.0	0.0	0.0	0.0	0.0	0.0	0.0	0.6191	0.0	0.0	1.067	0.8716	0.6465	0.3565	0.2449	0.1625	1.067	0.8716	0.6465	0.3565	0.2449	0.1625	0.0	0.0	0.0	0.0	0.0	0.0	0.0	0.0	0.0	0.0	0.0	0.0	0.0	0.0	0.0	0.0	0.0	0.0	0.0	0.0	0.0	0.0	0.0	0.0	0.0	0.0	0.0	0.0	0.0	0.0	0.0	0.0	0.0	0.0	0.0	0.0	0.0	0.0	0.0	0.0	0.0	0.0	0.0	0.0	0.0	0.0	0.0	0.0	0.0	0.0	0.0	0.0	0.0	0.0	0.0	0.0	0.0	0.0	0.0	0.0	0.0	0.0	0.0	0.0	0.0	0.0	0.0	0.0	0.0	0.0	0.0	0.0	0.0	0.0	0.0	0.0	0.0	0.0	0.0	0.0	0.0	0.0	0.0	0.0	0.0	0.0	0.0	0.0	0.0	0.0	0.0	0.0	0.0	0.0	0.0	0.0	0.0	0.0	0.0	0.0	0.0	0.0	0.0	0.0	0.0	0.0	0.0	0.0	0.0	0.0	0.0	0.0	0.0	0.0	0.0	0.0	0.0	0.0	0.0	0.0	0.0	0.0	0.0	0.0	0.0	0.0	0.0	0.0	0.0	0.0	0.0	0.0	0.0	0.0	0.0	0.0	0.0	0.0	0.0	0.0	0.0	0.0	0.0	0.0	0.0	0.0	0.0	0.0	0.0	0.0	0.0	0.0	0.0	0.0	0.0	0.0	0.0	0.0	0.0	0.0	0.0	0.0	0.0	0.0	0.0	0.0	0.0	0.0	0.0	0.0	0.0	0.0	0.0	0.0	0.0	0.0	0.0	0.0	0.0	0.0	0.0	0.0	0.0	0.0	0.0	0.0	0.0	0.0	0.0	0.0	0.0	0.0	0.0	0.0	0.0	0.0	0.0	0.0
SRR24887504	8.5514	5.7023	6.8687	7.6968	2.5008	2.8289	6.4229	7.0078	0.0	2.5478	2.5083	1.9115	0.0	1.9882	2.1558	1.23	1.8356	1.7977	2.0819	0.0	0.0	0.5083	1.2487	1.4241	0.6001	0.0	2.2445	2.3822	0.0	1.6921	0.6782	0.4178	0.0	0.0	0.0	0.6997	0.0	0.0	0.0	0.0	0.4729	2.8312	0.7421	0.6014	0.0	0.408	0.4682	0.0	0.0	0.0	1.9188	0.0	0.0	0.1905	8.5514	5.7023	6.8687	7.6968	2.5008	2.8289	6.4229	7.0078	0.0	2.5478	2.5083	1.9115	0.0	1.9882	2.1558	1.23	1.8356	1.7977	2.0819	0.0	0.0	0.5083	1.2487	1.4241	0.6001	0.0	2.2445	2.3822	0.0	1.6921	0.6782	0.4178	0.0	0.0	0.0	0.6997	0.0	0.0	0.0	0.0	0.4729	2.8312	0.7421	0.6014	0.0	0.408	0.4682	0.0	0.0	0.0	1.9188	0.0	0.0	0.1905	0.0	1.0372	1.5377	0.0	0.0	0.0	1.0372	1.5377	0.0	0.0	0.0	1.244	0.0	0.0	0.0	0.0	0.6494	0.9224	0.0	0.0	1.244	0.0	0.0	0.0	0.0	0.6494	0.9224	0.0	0.0	0.0	0.0	0.494	0.0	0.0	0.0	0.0	0.0	0.494	0.0	0.0	2.754	1.7397	1.5537	1.1186	0.979	0.8048	2.754	1.7397	1.5537	1.1186	0.979	0.8048	0.0	0.0	0.0	0.0	0.0	0.0	0.0	0.0	0.0	0.0	0.0	0.0	0.0	0.0	0.0	0.0	0.0	0.0	0.0	0.0	0.0	0.0	0.0	0.0	0.0	0.0	0.0	0.0	0.0	0.0	0.0	0.0	0.0	0.0	0.0	0.0	0.0	0.0	0.0	0.0	0.0	0.0	0.0	0.0	0.0	0.0	0.0	0.0	0.0	0.0	0.0	0.0	0.0	0.0	0.0	0.0	0.0	0.0	0.0	0.0	0.0	0.0	0.0	0.0	0.0	0.0	0.0	0.0	0.0	0.0	0.0	0.0	0.0	0.0	0.0	0.0	0.0	0.0	0.0	0.0	0.0	0.0	0.0	0.0	0.0	0.0	0.0	0.0	0.0	0.0	0.0	0.0	0.0	0.0	0.0	0.0	0.0	0.0	0.0	0.0	0.0	0.0	0.0	0.0	0.0	0.0	0.0	0.0	0.0	0.0	0.0	0.0	0.0	0.0	0.0	0.0	0.0	0.0	0.0	0.0	0.0	0.0	0.0	0.0	0.0	0.0	0.0	0.0	0.0	0.0	0.0	0.0	0.0	0.0	0.0	0.0	0.0	0.0	0.0	0.0	0.0	0.0	0.0	0.0	0.0	0.0	0.0	0.0	0.0	0.0	0.0	0.0	0.0	0.0	0.0	0.0	0.0	0.0	0.0	0.0	0.0	0.0	0.0	0.0	0.0	0.0	0.0	0.0	0.0	0.0	0.0	0.0	0.0	0.0	0.0	0.0	0.0	0.0	0.0	0.0	0.0	0.0	0.0	0.0	0.0	0.0
SRR24887505	9.5395	0.0	23.1618	0.0	0.0	8.0915	0.0	14.1241	0.0	0.0	0.0	0.0	0.0	0.0	0.0	0.0	0.0	19.3132	6.4715	0.0	0.0	0.0	0.0	0.0	0.0	0.0	2.3709	0.0	0.0	0.0	0.0	0.0	0.0	0.0	0.0	0.0	0.0	0.0	0.0	0.0	0.0	4.1999	0.0	0.0	0.0	0.0	0.0	0.0	0.0	0.0	2.7054	0.0	0.0	0.0	9.5395	0.0	23.1618	0.0	0.0	8.0915	0.0	14.1241	0.0	0.0	0.0	0.0	0.0	0.0	0.0	0.0	0.0	19.3132	6.4715	0.0	0.0	0.0	0.0	0.0	0.0	0.0	2.3709	0.0	0.0	0.0	0.0	0.0	0.0	0.0	0.0	0.0	0.0	0.0	0.0	0.0	0.0	4.1999	0.0	0.0	0.0	0.0	0.0	0.0	0.0	0.0	2.7054	0.0	0.0	0.0	0.0	0.0	10.0224	0.0	0.0	0.0	0.0	10.0224	0.0	0.0	0.0	0.0	0.0	0.0	0.0	0.0	0.0	0.0	0.0	0.0	0.0	0.0	0.0	0.0	0.0	0.0	0.0	0.0	0.0	0.0	0.0	0.0	0.0	0.0	0.0	0.0	0.0	0.0	0.0	0.0	0.0	0.0	0.0	0.0	0.0	0.0	0.0	0.0	0.0	0.0	0.0	0.0	0.0	0.0	0.0	0.0	0.0	0.0	0.0	0.0	0.0	0.0	0.0	0.0	0.0	0.0	0.0	0.0	0.0	0.0	0.0	0.0	0.0	0.0	0.0	0.0	0.0	0.0	0.0	0.0	0.0	0.0	0.0	0.0	0.0	0.0	0.0	0.0	0.0	0.0	0.0	0.0	0.0	0.0	0.0	0.0	0.0	0.0	0.0	0.0	0.0	0.0	0.0	0.0	0.0	0.0	0.0	0.0	0.0	0.0	0.0	0.0	0.0	0.0	0.0	0.0	0.0	0.0	0.0	0.0	0.0	0.0	0.0	0.0	0.0	0.0	0.0	0.0	0.0	0.0	0.0	0.0	0.0	0.0	0.0	0.0	0.0	0.0	0.0	0.0	0.0	0.0	0.0	0.0	0.0	0.0	0.0	0.0	0.0	0.0	0.0	0.0	0.0	0.0	0.0	0.0	0.0	0.0	0.0	0.0	0.0	0.0	0.0	0.0	0.0	0.0	0.0	0.0	0.0	0.0	0.0	0.0	0.0	0.0	0.0	0.0	0.0	0.0	0.0	0.0	0.0	0.0	0.0	0.0	0.0	0.0	0.0	0.0	0.0	0.0	0.0	0.0	0.0	0.0	0.0	0.0	0.0	0.0	0.0	0.0	0.0	0.0	0.0	0.0	0.0	0.0	0.0	0.0	0.0	0.0	0.0	0.0	0.0	0.0	0.0	0.0	0.0	0.0	0.0	0.0	0.0	0.0	0.0	0.0	0.0	0.0	0.0	0.0	0.0	0.0	0.0	0.0	0.0	0.0	0.0	0.0	0.0	0.0
SRR24887506	6.7227	5.2906	19.9252	1.4671	4.3901	2.3633	8.8266	1.5948	2.2439	0.682	1.609	1.0131	0.0	1.3489	1.2306	1.7271	0.8684	4.4944	4.2623	0.0	0.0	0.5429	1.0028	0.8018	0.0	0.0	1.5224	1.3593	0.0	4.4618	0.4001	0.3423	0.0	0.0	0.4783	0.5204	0.0	0.0	0.5131	0.545	0.5931	0.6712	0.7765	0.333	0.0	0.0	0.2837	0.0	0.0	0.0	0.8021	0.0	0.0	0.2922	6.7227	5.2906	19.9252	1.4671	4.3901	2.3633	8.8266	1.5948	2.2439	0.682	1.609	1.0131	0.0	1.3489	1.2306	1.7271	0.8684	4.4944	4.2623	0.0	0.0	0.5429	1.0028	0.8018	0.0	0.0	1.5224	1.3593	0.0	4.4618	0.4001	0.3423	0.0	0.0	0.4783	0.5204	0.0	0.0	0.5131	0.545	0.5931	0.6712	0.7765	0.333	0.0	0.0	0.2837	0.0	0.0	0.0	0.8021	0.0	0.0	0.2922	0.0	0.0	4.7419	0.3384	0.2835	0.0	0.0	4.7419	0.3384	0.2835	1.5448	0.0	1.1157	0.7743	0.8887	0.6746	0.6292	0.5038	0.0	1.5448	0.0	1.1157	0.7743	0.8887	0.6746	0.6292	0.5038	0.0	0.0	0.0	0.0	0.2272	0.0	0.0	0.0	0.0	0.0	0.2272	0.0	0.0	0.0	0.0	0.495	0.0	0.0	0.0	0.0	0.0	0.495	0.0	0.0	0.0	0.636	0.5711	0.2184	0.0553	0.636	0.5711	0.2184	0.0553	0.0	0.0	0.0	0.0	0.0	0.0	0.0	0.0	0.0	0.0	0.0	0.0	0.0	0.0	0.0	0.0	0.0	0.0	0.0	0.0	0.0	0.0	0.0	0.0	0.0	0.0	0.0	0.0	0.0	0.0	0.0	0.0	0.0	0.0	0.0	0.0	0.0	0.0	0.0	0.0	0.0	0.0	0.0	0.0	0.0	0.0	0.0	0.0	0.0	0.0	0.0	0.0	0.0	0.0	0.0	0.0	0.0	0.0	0.0	0.0	0.0	0.0	0.0	0.0	0.0	0.0	0.0	0.0	0.0	0.0	0.0	0.0	0.0	0.0	0.0	0.0	0.0	0.0	0.0	0.0	0.0	0.0	0.0	0.0	0.0	0.0	0.0	0.0	0.0	0.0	0.0	0.0	0.0	0.0	0.0	0.0	0.0	0.0	0.0	0.0	0.0	0.0	0.0	0.0	0.0	0.0	0.0	0.0	0.0	0.0	0.0	0.0	0.0	0.0	0.0	0.0	0.0	0.0	0.0	0.0	0.0	0.0	0.0	0.0	0.0	0.0	0.0	0.0	0.0	0.0	0.0	0.0	0.0	0.0	0.0	0.0	0.0	0.0	0.0	0.0	0.0	0.0	0.0	0.0	0.0	0.0	0.0	0.0	0.0	0.0	0.0	0.0	0.0	0.0	0.0	0.0	0.0	0.0	0.0	0.0	0.0	0.0	0.0	0.0	0.0	0.0	0.0	0.0	0.0	0.0	0.0	0.0	0.0	0.0	0.0	0.0	0.0	0.0
SRR24887507	10.1587	2.443	24.3575	2.3139	5.52	2.5916	0.0	2.4151	2.7695	0.0	1.8383	0.0	0.0	1.4993	1.8084	2.4895	1.0399	2.1501	2.3686	0.0	0.0	0.4876	1.1245	1.1711	0.0	0.0	3.2604	2.2265	2.1979	1.7211	0.0	0.4532	0.0	0.0	0.0	0.7136	0.0	0.0	0.9054	0.7038	0.8804	1.1306	0.7294	0.5357	0.0	0.0	0.5959	0.0	0.0	0.0	0.9498	0.0	0.0	0.274	10.1587	2.443	24.3575	2.3139	5.52	2.5916	0.0	2.4151	2.7695	0.0	1.8383	0.0	0.0	1.4993	1.8084	2.4895	1.0399	2.1501	2.3686	0.0	0.0	0.4876	1.1245	1.1711	0.0	0.0	3.2604	2.2265	2.1979	1.7211	0.0	0.4532	0.0	0.0	0.0	0.7136	0.0	0.0	0.9054	0.7038	0.8804	1.1306	0.7294	0.5357	0.0	0.0	0.5959	0.0	0.0	0.0	0.9498	0.0	0.0	0.274	0.0	0.0	2.3155	0.0	0.0	0.0	0.0	2.3155	0.0	0.0	2.1374	0.0	1.5857	1.3827	0.0	1.054	1.2411	0.5382	0.0	2.1374	0.0	1.5857	1.3827	0.0	1.054	1.2411	0.5382	0.0	0.0	0.0	0.0	0.4504	0.0	0.0	0.0	0.0	0.0	0.4504	0.0	0.0	0.0	0.0	1.0871	0.0	0.0	0.0	0.0	0.0	1.0871	0.0	0.0	0.0	0.0	0.0	0.0	0.1597	0.0	0.0	0.0	0.1597	1.8088	0.4152	1.8088	0.4152	0.0	0.0	0.0	0.0	0.0	0.0	0.0	0.0	0.0	0.0	0.0	0.0	0.0	0.0	0.0	0.0	0.0	0.0	0.0	0.0	0.0	0.0	0.0	0.0	0.0	0.0	0.0	0.0	0.0	0.0	0.0	0.0	0.0	0.0	0.0	0.0	0.0	0.0	0.0	0.0	0.0	0.0	0.0	0.0	0.0	0.0	0.0	0.0	0.0	0.0	0.0	0.0	0.0	0.0	0.0	0.0	0.0	0.0	0.0	0.0	0.0	0.0	0.0	0.0	0.0	0.0	0.0	0.0	0.0	0.0	0.0	0.0	0.0	0.0	0.0	0.0	0.0	0.0	0.0	0.0	0.0	0.0	0.0	0.0	0.0	0.0	0.0	0.0	0.0	0.0	0.0	0.0	0.0	0.0	0.0	0.0	0.0	0.0	0.0	0.0	0.0	0.0	0.0	0.0	0.0	0.0	0.0	0.0	0.0	0.0	0.0	0.0	0.0	0.0	0.0	0.0	0.0	0.0	0.0	0.0	0.0	0.0	0.0	0.0	0.0	0.0	0.0	0.0	0.0	0.0	0.0	0.0	0.0	0.0	0.0	0.0	0.0	0.0	0.0	0.0	0.0	0.0	0.0	0.0	0.0	0.0	0.0	0.0	0.0	0.0	0.0	0.0	0.0	0.0	0.0	0.0	0.0	0.0	0.0	0.0	0.0	0.0	0.0	0.0	0.0	0.0	0.0	0.0	0.0	0.0	0.0	0.0	0.0	0.0
SRR24887508	4.8422	0.0	14.2224	6.3506	5.4689	4.7304	0.0	3.0954	0.0	0.0	0.0	0.0	0.0	3.0331	0.0	4.8643	0.0	6.5629	6.6573	0.0	0.0	0.0	0.0	6.0669	0.0	0.0	1.5414	2.3778	0.0	6.5285	0.0	0.0	0.0	0.0	0.0	0.0	0.0	0.0	0.0	1.7252	1.3316	2.0732	1.4427	0.0	0.0	0.0	0.0	0.0	0.0	0.0	1.5984	0.0	0.0	0.0	4.8422	0.0	14.2224	6.3506	5.4689	4.7304	0.0	3.0954	0.0	0.0	0.0	0.0	0.0	3.0331	0.0	4.8643	0.0	6.5629	6.6573	0.0	0.0	0.0	0.0	6.0669	0.0	0.0	1.5414	2.3778	0.0	6.5285	0.0	0.0	0.0	0.0	0.0	0.0	0.0	0.0	0.0	1.7252	1.3316	2.0732	1.4427	0.0	0.0	0.0	0.0	0.0	0.0	0.0	1.5984	0.0	0.0	0.0	0.0	0.0	7.0304	0.0	0.0	0.0	0.0	7.0304	0.0	0.0	0.0	0.0	3.2774	0.0	0.0	0.0	0.0	1.5144	0.0	0.0	0.0	3.2774	0.0	0.0	0.0	0.0	1.5144	0.0	0.0	0.0	0.0	0.0	0.0	0.0	0.0	0.0	0.0	0.0	0.0	0.0	0.0	0.0	0.0	0.0	0.0	0.0	0.0	0.0	0.0	0.0	0.0	0.0	0.0	0.0	0.0	0.4164	0.0	0.0	0.0	0.4164	0.0	0.0	0.0	0.0	1.6502	1.5981	1.6502	1.5981	0.0	0.0	0.0	0.0	0.0	0.0	0.0	0.0	0.0	0.0	0.0	0.0	0.0	0.0	0.0	0.0	0.0	0.0	0.0	0.0	0.0	0.0	0.0	0.0	0.0	0.0	0.0	0.0	0.0	0.0	0.0	0.0	0.0	0.0	0.0	0.0	0.0	0.0	0.0	0.0	0.0	0.0	0.0	0.0	0.0	0.0	0.0	0.0	0.0	0.0	0.0	0.0	0.0	0.0	0.0	0.0	0.0	0.0	0.0	0.0	0.0	0.0	0.0	0.0	0.0	0.0	0.0	0.0	0.0	0.0	0.0	0.0	0.0	0.0	0.0	0.0	0.0	0.0	0.0	0.0	0.0	0.0	0.0	0.0	0.0	0.0	0.0	0.0	0.0	0.0	0.0	0.0	0.0	0.0	0.0	0.0	0.0	0.0	0.0	0.0	0.0	0.0	0.0	0.0	0.0	0.0	0.0	0.0	0.0	0.0	0.0	0.0	0.0	0.0	0.0	0.0	0.0	0.0	0.0	0.0	0.0	0.0	0.0	0.0	0.0	0.0	0.0	0.0	0.0	0.0	0.0	0.0	0.0	0.0	0.0	0.0	0.0	0.0	0.0	0.0	0.0	0.0	0.0	0.0	0.0	0.0	0.0	0.0	0.0	0.0	0.0	0.0	0.0	0.0	0.0	0.0	0.0	0.0	0.0	0.0	0.0	0.0	0.0	0.0	0.0	0.0	0.0	0.0	0.0	0.0
SRR24887527	4.9847	1.4387	17.8347	5.4564	4.8321	2.5749	0.0	1.6338	0.0	0.0	1.6541	0.8686	0.0	1.4948	1.5324	1.639	0.6397	5.9184	5.4639	0.0	0.0	0.5138	1.332	5.6319	0.0	0.8436	1.3371	1.3556	1.4134	5.7243	0.5053	0.0	0.0	0.0	0.0	0.0	0.0	0.0	0.0	0.5778	1.1476	1.1743	0.4963	0.4577	0.0	0.0	0.0	0.0	0.0	0.0	1.4116	0.0	0.0	0.1753	4.9847	1.4387	17.8347	5.4564	4.8321	2.5749	0.0	1.6338	0.0	0.0	1.6541	0.8686	0.0	1.4948	1.5324	1.639	0.6397	5.9184	5.4639	0.0	0.0	0.5138	1.332	5.6319	0.0	0.8436	1.3371	1.3556	1.4134	5.7243	0.5053	0.0	0.0	0.0	0.0	0.0	0.0	0.0	0.0	0.5778	1.1476	1.1743	0.4963	0.4577	0.0	0.0	0.0	0.0	0.0	0.0	1.4116	0.0	0.0	0.1753	0.0	0.0	6.9547	0.0	0.0	0.0	0.0	6.9547	0.0	0.0	0.0	0.0	0.8613	0.8454	0.0	0.7582	0.4969	0.8631	0.0	0.0	0.0	0.8613	0.8454	0.0	0.7582	0.4969	0.8631	0.0	0.0	0.0	0.0	0.0	0.0	0.0	0.0	0.0	0.0	0.0	0.0	0.0	1.2838	0.0	0.0	0.0	0.0	0.0	1.2838	0.0	0.0	0.0	0.0	0.0	0.0	0.0	0.2487	0.3615	0.0	0.0	0.2487	0.3615	0.0	0.0	0.0	0.0	0.5127	1.146	0.5127	1.146	0.9769	0.9486	0.7694	0.6394	0.2694	0.9769	0.9486	0.7694	0.6394	0.2694	0.0	0.0	0.0	0.0	0.0	0.0	0.0	0.0	0.0	0.0	0.0	0.0	0.0	0.0	0.0	0.0	0.0	0.0	0.0	0.0	0.0	0.0	0.0	0.0	0.0	0.0	0.0	0.0	0.0	0.0	0.0	0.0	0.0	0.0	0.0	0.0	0.0	0.0	0.0	0.0	0.0	0.0	0.0	0.0	0.0	0.0	0.0	0.0	0.0	0.0	0.0	0.0	0.0	0.0	0.0	0.0	0.0	0.0	0.0	0.0	0.0	0.0	0.0	0.0	0.0	0.0	0.0	0.0	0.0	0.0	0.0	0.0	0.0	0.0	0.0	0.0	0.0	0.0	0.0	0.0	0.0	0.0	0.0	0.0	0.0	0.0	0.0	0.0	0.0	0.0	0.0	0.0	0.0	0.0	0.0	0.0	0.0	0.0	0.0	0.0	0.0	0.0	0.0	0.0	0.0	0.0	0.0	0.0	0.0	0.0	0.0	0.0	0.0	0.0	0.0	0.0	0.0	0.0	0.0	0.0	0.0	0.0	0.0	0.0	0.0	0.0	0.0	0.0	0.0	0.0	0.0	0.0	0.0	0.0	0.0	0.0	0.0	0.0	0.0	0.0	0.0	0.0	0.0	0.0	0.0	0.0	0.0	0.0	0.0	0.0	0.0	0.0	0.0	0.0	0.0	0.0	0.0	0.0	0.0	0.0
SRR24887632	4.2738	0.8077	15.88	4.5724	4.1517	1.6006	0.0	3.9363	2.1874	0.0	1.4412	0.0	0.0	1.5179	1.3749	1.4882	0.4056	5.5404	3.9286	0.0	0.0	0.0	1.2681	5.4164	0.0	0.8323	1.3245	4.1854	1.0505	5.1203	0.3995	0.0	0.0	0.0	0.0	0.0	0.0	0.0	0.0	0.5678	1.0901	1.6473	0.3589	0.4457	0.0	0.0	0.4134	0.0	0.0	0.0	1.7328	0.0	0.0	0.4673	4.2738	0.8077	15.88	4.5724	4.1517	1.6006	0.0	3.9363	2.1874	0.0	1.4412	0.0	0.0	1.5179	1.3749	1.4882	0.4056	5.5404	3.9286	0.0	0.0	0.0	1.2681	5.4164	0.0	0.8323	1.3245	4.1854	1.0505	5.1203	0.3995	0.0	0.0	0.0	0.0	0.0	0.0	0.0	0.0	0.5678	1.0901	1.6473	0.3589	0.4457	0.0	0.0	0.4134	0.0	0.0	0.0	1.7328	0.0	0.0	0.4673	0.0	1.0229	5.3158	0.0	0.0	0.0	1.0229	5.3158	0.0	0.0	0.0	1.6377	0.7897	0.7537	0.0	0.9949	0.737	0.7373	0.0	0.0	1.6377	0.7897	0.7537	0.0	0.9949	0.737	0.7373	0.0	0.0	0.0	0.0	0.3839	0.0	0.0	0.0	0.0	0.0	0.3839	0.0	0.0	1.0649	0.0	0.0	0.0	0.0	0.0	1.0649	0.0	0.0	0.0	0.0	0.0	0.0	0.0	0.2497	0.3268	0.0	0.0	0.2497	0.3268	0.0	0.0	0.0	0.0	0.8212	1.7381	0.8212	1.7381	1.3476	0.0	0.9846	0.5449	0.2174	1.3476	0.0	0.9846	0.5449	0.2174	0.4721	0.3149	0.1176	0.4721	0.3149	0.1176	0.0	0.0	0.0	0.0	0.0	0.0	0.0	0.0	0.0	0.0	0.0	0.0	0.0	0.0	0.0	0.0	0.0	0.0	0.0	0.0	0.0	0.0	0.0	0.0	0.0	0.0	0.0	0.0	0.0	0.0	0.0	0.0	0.0	0.0	0.0	0.0	0.0	0.0	0.0	0.0	0.0	0.0	0.0	0.0	0.0	0.0	0.0	0.0	0.0	0.0	0.0	0.0	0.0	0.0	0.0	0.0	0.0	0.0	0.0	0.0	0.0	0.0	0.0	0.0	0.0	0.0	0.0	0.0	0.0	0.0	0.0	0.0	0.0	0.0	0.0	0.0	0.0	0.0	0.0	0.0	0.0	0.0	0.0	0.0	0.0	0.0	0.0	0.0	0.0	0.0	0.0	0.0	0.0	0.0	0.0	0.0	0.0	0.0	0.0	0.0	0.0	0.0	0.0	0.0	0.0	0.0	0.0	0.0	0.0	0.0	0.0	0.0	0.0	0.0	0.0	0.0	0.0	0.0	0.0	0.0	0.0	0.0	0.0	0.0	0.0	0.0	0.0	0.0	0.0	0.0	0.0	0.0	0.0	0.0	0.0	0.0	0.0	0.0	0.0	0.0	0.0	0.0	0.0	0.0	0.0	0.0	0.0	0.0	0.0	0.0	0.0	0.0	0.0	0.0
SRR24887633	2.4214	1.362	17.3398	5.8992	1.8486	3.1176	11.4871	1.8958	0.0	0.0	2.3365	0.0	0.0	1.8282	0.0	2.0541	0.5986	6.596	5.8251	0.9676	0.0	0.5686	1.7076	1.3531	0.0	0.9901	1.3784	1.3198	0.9889	1.173	0.3573	0.0	0.0	0.0	0.0	0.8533	0.0	0.0	0.0	0.6585	1.8146	0.6769	0.4275	0.4625	0.0	0.0	0.4982	0.0	0.0	0.0	0.4413	0.0	0.0	0.241	2.4214	1.362	17.3398	5.8992	1.8486	3.1176	11.4871	1.8958	0.0	0.0	2.3365	0.0	0.0	1.8282	0.0	2.0541	0.5986	6.596	5.8251	0.9676	0.0	0.5686	1.7076	1.3531	0.0	0.9901	1.3784	1.3198	0.9889	1.173	0.3573	0.0	0.0	0.0	0.0	0.8533	0.0	0.0	0.0	0.6585	1.8146	0.6769	0.4275	0.4625	0.0	0.0	0.4982	0.0	0.0	0.0	0.4413	0.0	0.0	0.241	8.9536	0.0	1.6717	0.0	0.0	8.9536	0.0	1.6717	0.0	0.0	0.0	0.0	1.2782	0.0	0.0	0.5318	0.4542	0.412	0.0	0.0	0.0	1.2782	0.0	0.0	0.5318	0.4542	0.412	0.0	0.0	0.0	0.0	0.0	0.0	0.0	0.0	0.0	0.0	0.0	0.0	0.0	0.0	0.0	0.0	0.0	0.0	0.0	0.0	0.0	0.0	0.0	0.0	0.0	0.0	0.0	0.0	0.0	0.0	0.0	0.0	0.0	1.7239	0.0	1.7239	0.0	0.4908	0.0	0.4908	0.0	0.0	0.0	0.0	0.0	0.2777	0.0	0.0	0.0	0.0	0.2777	0.0	0.0	0.0	0.0	0.0	0.0	1.5795	0.8475	0.2286	0.0623	1.5795	0.8475	0.2286	0.0623	0.0	0.0	0.0	0.0	0.0	0.0	0.0	0.0	0.0	0.0	0.0	0.0	0.0	0.0	0.0	0.0	0.0	0.0	0.0	0.0	0.0	0.0	0.0	0.0	0.0	0.0	0.0	0.0	0.0	0.0	0.0	0.0	0.0	0.0	0.0	0.0	0.0	0.0	0.0	0.0	0.0	0.0	0.0	0.0	0.0	0.0	0.0	0.0	0.0	0.0	0.0	0.0	0.0	0.0	0.0	0.0	0.0	0.0	0.0	0.0	0.0	0.0	0.0	0.0	0.0	0.0	0.0	0.0	0.0	0.0	0.0	0.0	0.0	0.0	0.0	0.0	0.0	0.0	0.0	0.0	0.0	0.0	0.0	0.0	0.0	0.0	0.0	0.0	0.0	0.0	0.0	0.0	0.0	0.0	0.0	0.0	0.0	0.0	0.0	0.0	0.0	0.0	0.0	0.0	0.0	0.0	0.0	0.0	0.0	0.0	0.0	0.0	0.0	0.0	0.0	0.0	0.0	0.0	0.0	0.0	0.0	0.0	0.0	0.0	0.0	0.0	0.0	0.0	0.0	0.0	0.0	0.0	0.0	0.0	0.0	0.0	0.0	0.0	0.0	0.0	0.0	0.0	0.0	0.0	0.0	0.0
SRR24887634	5.2342	0.0	22.9661	0.0	0.0	6.0362	0.0	6.513	0.0	0.0	0.0	0.0	0.0	0.0	0.0	9.1023	0.0	15.444	4.8946	0.0	0.0	0.0	0.0	0.0	0.0	0.0	3.5004	0.0	0.0	13.4381	0.0	0.0	0.0	0.0	0.0	0.0	0.0	0.0	0.0	0.0	3.8193	2.3969	0.0	0.0	0.0	0.0	0.0	0.0	0.0	0.0	4.1316	0.0	0.0	0.0	5.2342	0.0	22.9661	0.0	0.0	6.0362	0.0	6.513	0.0	0.0	0.0	0.0	0.0	0.0	0.0	9.1023	0.0	15.444	4.8946	0.0	0.0	0.0	0.0	0.0	0.0	0.0	3.5004	0.0	0.0	13.4381	0.0	0.0	0.0	0.0	0.0	0.0	0.0	0.0	0.0	0.0	3.8193	2.3969	0.0	0.0	0.0	0.0	0.0	0.0	0.0	0.0	4.1316	0.0	0.0	0.0	0.0	0.0	0.0	0.0	0.0	0.0	0.0	0.0	0.0	0.0	0.0	0.0	0.0	0.0	0.0	0.0	0.0	2.5233	0.0	0.0	0.0	0.0	0.0	0.0	0.0	0.0	2.5233	0.0	0.0	0.0	0.0	0.0	0.0	0.0	0.0	0.0	0.0	0.0	0.0	0.0	0.0	0.0	0.0	0.0	0.0	0.0	0.0	0.0	0.0	0.0	0.0	0.0	0.0	0.0	0.0	0.0	0.0	0.0	0.0	0.0	0.0	0.0	0.0	0.0	0.0	0.0	0.0	0.0	0.0	0.0	0.0	0.0	0.0	0.0	0.0	0.0	0.0	0.0	0.0	0.0	0.0	0.0	0.0	0.0	0.0	0.0	0.0	0.0	0.0	0.0	0.0	0.0	0.0	0.0	0.0	0.0	0.0	0.0	0.0	0.0	0.0	0.0	0.0	0.0	0.0	0.0	0.0	0.0	0.0	0.0	0.0	0.0	0.0	0.0	0.0	0.0	0.0	0.0	0.0	0.0	0.0	0.0	0.0	0.0	0.0	0.0	0.0	0.0	0.0	0.0	0.0	0.0	0.0	0.0	0.0	0.0	0.0	0.0	0.0	0.0	0.0	0.0	0.0	0.0	0.0	0.0	0.0	0.0	0.0	0.0	0.0	0.0	0.0	0.0	0.0	0.0	0.0	0.0	0.0	0.0	0.0	0.0	0.0	0.0	0.0	0.0	0.0	0.0	0.0	0.0	0.0	0.0	0.0	0.0	0.0	0.0	0.0	0.0	0.0	0.0	0.0	0.0	0.0	0.0	0.0	0.0	0.0	0.0	0.0	0.0	0.0	0.0	0.0	0.0	0.0	0.0	0.0	0.0	0.0	0.0	0.0	0.0	0.0	0.0	0.0	0.0	0.0	0.0	0.0	0.0	0.0	0.0	0.0	0.0	0.0	0.0	0.0	0.0	0.0	0.0	0.0	0.0	0.0	0.0	0.0	0.0	0.0	0.0	0.0	0.0	0.0	0.0	0.0	0.0	0.0	0.0	0.0	0.0
SRR24887635	6.2636	0.0	21.5613	0.0	0.0	8.2958	0.0	5.0529	0.0	0.0	0.0	0.0	0.0	0.0	0.0	17.2685	0.0	15.9567	7.2447	0.0	0.0	0.0	0.0	0.0	0.0	0.0	5.4396	0.0	0.0	0.0	0.0	0.0	0.0	0.0	0.0	0.0	0.0	0.0	0.0	0.0	0.0	0.0	0.0	0.0	0.0	0.0	0.0	0.0	0.0	0.0	0.0	0.0	0.0	0.0	6.2636	0.0	21.5613	0.0	0.0	8.2958	0.0	5.0529	0.0	0.0	0.0	0.0	0.0	0.0	0.0	17.2685	0.0	15.9567	7.2447	0.0	0.0	0.0	0.0	0.0	0.0	0.0	5.4396	0.0	0.0	0.0	0.0	0.0	0.0	0.0	0.0	0.0	0.0	0.0	0.0	0.0	0.0	0.0	0.0	0.0	0.0	0.0	0.0	0.0	0.0	0.0	0.0	0.0	0.0	0.0	0.0	0.0	0.0	0.0	0.0	0.0	0.0	0.0	0.0	0.0	0.0	0.0	0.0	0.0	0.0	0.0	0.0	0.0	0.0	0.0	0.0	0.0	0.0	0.0	0.0	0.0	0.0	0.0	0.0	0.0	0.0	0.0	0.0	0.0	0.0	0.0	0.0	0.0	0.0	0.0	0.0	0.0	0.0	0.0	0.0	0.0	0.0	0.0	0.0	0.0	0.0	0.0	0.0	0.0	0.0	0.0	0.0	0.0	0.0	0.0	0.0	0.0	0.0	0.0	0.0	0.0	0.0	0.0	0.0	0.0	0.0	0.0	0.0	0.0	0.0	0.0	0.0	0.0	0.0	0.0	0.0	0.0	0.0	0.0	0.0	0.0	0.0	0.0	0.0	0.0	0.0	0.0	12.9169	12.9169	0.0	0.0	0.0	0.0	0.0	0.0	0.0	0.0	0.0	0.0	0.0	0.0	0.0	0.0	0.0	0.0	0.0	0.0	0.0	0.0	0.0	0.0	0.0	0.0	0.0	0.0	0.0	0.0	0.0	0.0	0.0	0.0	0.0	0.0	0.0	0.0	0.0	0.0	0.0	0.0	0.0	0.0	0.0	0.0	0.0	0.0	0.0	0.0	0.0	0.0	0.0	0.0	0.0	0.0	0.0	0.0	0.0	0.0	0.0	0.0	0.0	0.0	0.0	0.0	0.0	0.0	0.0	0.0	0.0	0.0	0.0	0.0	0.0	0.0	0.0	0.0	0.0	0.0	0.0	0.0	0.0	0.0	0.0	0.0	0.0	0.0	0.0	0.0	0.0	0.0	0.0	0.0	0.0	0.0	0.0	0.0	0.0	0.0	0.0	0.0	0.0	0.0	0.0	0.0	0.0	0.0	0.0	0.0	0.0	0.0	0.0	0.0	0.0	0.0	0.0	0.0	0.0	0.0	0.0	0.0	0.0	0.0	0.0	0.0	0.0	0.0	0.0	0.0	0.0	0.0	0.0	0.0	0.0	0.0	0.0	0.0	0.0	0.0	0.0	0.0	0.0	0.0	0.0	0.0
SRR24887636	2.1282	1.6621	13.6954	5.2287	1.8268	2.1515	10.8477	1.6797	0.0	0.0	2.1271	0.0	0.0	1.573	0.0	1.9403	0.6215	6.146	5.8369	0.0	0.0	0.4797	1.5294	1.3535	0.0	0.0	2.5633	1.2049	0.9144	1.2906	0.3402	0.0	0.0	0.0	0.0	0.8074	8.2677	0.9038	0.0	0.566	1.5897	0.7215	0.3781	0.4188	0.0	0.0	0.7216	0.0	0.0	0.3309	0.0	0.0	0.0	0.1661	2.1282	1.6621	13.6954	5.2287	1.8268	2.1515	10.8477	1.6797	0.0	0.0	2.1271	0.0	0.0	1.573	0.0	1.9403	0.6215	6.146	5.8369	0.0	0.0	0.4797	1.5294	1.3535	0.0	0.0	2.5633	1.2049	0.9144	1.2906	0.3402	0.0	0.0	0.0	0.0	0.8074	8.2677	0.9038	0.0	0.566	1.5897	0.7215	0.3781	0.4188	0.0	0.0	0.7216	0.0	0.0	0.3309	0.0	0.0	0.0	0.1661	8.1477	0.0	1.4975	0.0	0.0	8.1477	0.0	1.4975	0.0	0.0	0.0	0.0	1.0041	0.0	0.0	0.0	0.0	0.5171	0.0	0.0	0.0	1.0041	0.0	0.0	0.0	0.0	0.5171	0.0	0.0	0.0	0.0	0.0	0.0	0.0	0.0	0.0	0.0	0.0	0.0	0.0	0.0	0.0	0.0	0.0	0.0	0.0	0.0	0.0	0.0	0.0	0.0	0.0	0.0	0.0	0.0	0.0995	0.0	0.0	0.0	0.0995	0.0	0.0	0.0	0.0	0.0	0.0	0.0	0.0	0.0	0.0	0.5382	0.5009	0.1982	0.0	0.0	0.5382	0.5009	0.1982	0.0	0.0	0.0	0.0	0.0	0.0	0.0	0.6683	0.0	0.0625	0.0	0.6683	0.0	0.0625	1.3083	1.3083	1.4368	1.2715	0.3701	0.3666	1.4368	1.2715	0.3701	0.3666	0.0	0.0	0.0	0.0	0.0	0.0	0.0	0.0	0.0	0.0	0.0	0.0	0.0	0.0	0.0	0.0	0.0	0.0	0.0	0.0	0.0	0.0	0.0	0.0	0.0	0.0	0.0	0.0	0.0	0.0	0.0	0.0	0.0	0.0	0.0	0.0	0.0	0.0	0.0	0.0	0.0	0.0	0.0	0.0	0.0	0.0	0.0	0.0	0.0	0.0	0.0	0.0	0.0	0.0	0.0	0.0	0.0	0.0	0.0	0.0	0.0	0.0	0.0	0.0	0.0	0.0	0.0	0.0	0.0	0.0	0.0	0.0	0.0	0.0	0.0	0.0	0.0	0.0	0.0	0.0	0.0	0.0	0.0	0.0	0.0	0.0	0.0	0.0	0.0	0.0	0.0	0.0	0.0	0.0	0.0	0.0	0.0	0.0	0.0	0.0	0.0	0.0	0.0	0.0	0.0	0.0	0.0	0.0	0.0	0.0	0.0	0.0	0.0	0.0	0.0	0.0	0.0	0.0	0.0	0.0	0.0	0.0	0.0	0.0	0.0	0.0	0.0	0.0	0.0	0.0	0.0	0.0	0.0	0.0	0.0	0.0
SRR24887766	6.5708	0.0	21.5073	0.0	0.0	8.2565	0.0	5.9097	0.0	0.0	0.0	0.0	0.0	0.0	0.0	12.2235	0.0	23.1646	8.6306	0.0	0.0	0.0	0.0	9.7476	0.0	0.0	2.3448	0.0	0.0	0.0	0.0	0.0	0.0	0.0	0.0	0.0	0.0	0.0	0.0	0.0	1.6445	0.0	0.0	0.0	0.0	0.0	0.0	0.0	0.0	0.0	0.0	0.0	0.0	0.0	6.5708	0.0	21.5073	0.0	0.0	8.2565	0.0	5.9097	0.0	0.0	0.0	0.0	0.0	0.0	0.0	12.2235	0.0	23.1646	8.6306	0.0	0.0	0.0	0.0	9.7476	0.0	0.0	2.3448	0.0	0.0	0.0	0.0	0.0	0.0	0.0	0.0	0.0	0.0	0.0	0.0	0.0	1.6445	0.0	0.0	0.0	0.0	0.0	0.0	0.0	0.0	0.0	0.0	0.0	0.0	0.0	0.0	0.0	0.0	0.0	0.0	0.0	0.0	0.0	0.0	0.0	0.0	0.0	0.0	0.0	0.0	0.0	0.0	0.0	0.0	0.0	0.0	0.0	0.0	0.0	0.0	0.0	0.0	0.0	0.0	0.0	0.0	0.0	0.0	0.0	0.0	0.0	0.0	0.0	0.0	0.0	0.0	0.0	0.0	0.0	0.0	0.0	0.0	0.0	0.0	0.0	0.0	0.0	0.0	0.0	0.0	0.0	0.0	0.0	0.0	0.0	0.0	0.0	0.0	0.0	0.0	0.0	0.0	0.0	0.0	0.0	0.0	0.0	0.0	0.0	0.0	0.0	0.0	0.0	0.0	0.0	0.0	0.0	0.0	0.0	0.0	0.0	0.0	0.0	0.0	0.0	0.0	0.0	0.0	0.0	0.0	0.0	0.0	0.0	0.0	0.0	0.0	0.0	0.0	0.0	0.0	0.0	0.0	0.0	0.0	0.0	0.0	0.0	0.0	0.0	0.0	0.0	0.0	0.0	0.0	0.0	0.0	0.0	0.0	0.0	0.0	0.0	0.0	0.0	0.0	0.0	0.0	0.0	0.0	0.0	0.0	0.0	0.0	0.0	0.0	0.0	0.0	0.0	0.0	0.0	0.0	0.0	0.0	0.0	0.0	0.0	0.0	0.0	0.0	0.0	0.0	0.0	0.0	0.0	0.0	0.0	0.0	0.0	0.0	0.0	0.0	0.0	0.0	0.0	0.0	0.0	0.0	0.0	0.0	0.0	0.0	0.0	0.0	0.0	0.0	0.0	0.0	0.0	0.0	0.0	0.0	0.0	0.0	0.0	0.0	0.0	0.0	0.0	0.0	0.0	0.0	0.0	0.0	0.0	0.0	0.0	0.0	0.0	0.0	0.0	0.0	0.0	0.0	0.0	0.0	0.0	0.0	0.0	0.0	0.0	0.0	0.0	0.0	0.0	0.0	0.0	0.0	0.0	0.0	0.0	0.0	0.0	0.0	0.0	0.0	0.0	0.0	0.0	0.0	0.0	0.0	0.0	0.0	0.0
SRR24887773	10.5732	6.9563	6.9716	5.0203	4.5671	1.664	0.0	5.4493	1.8934	4.1837	1.4898	1.5319	1.8282	1.3178	1.2667	1.4028	1.0975	1.521	1.147	0.8728	0.981	0.5239	1.0212	0.6842	0.468	0.0	1.9493	1.4544	0.7927	0.8875	0.7369	1.1185	0.7268	0.3634	0.5494	0.4541	0.0	0.4655	0.6952	0.5031	0.8547	1.0755	0.3642	0.4182	0.2934	0.0	1.4103	0.4084	0.7404	0.2949	0.337	0.274	0.0	1.0067	10.5732	6.9563	6.9716	5.0203	4.5671	1.664	0.0	5.4493	1.8934	4.1837	1.4898	1.5319	1.8282	1.3178	1.2667	1.4028	1.0975	1.521	1.147	0.8728	0.981	0.5239	1.0212	0.6842	0.468	0.0	1.9493	1.4544	0.7927	0.8875	0.7369	1.1185	0.7268	0.3634	0.5494	0.4541	0.0	0.4655	0.6952	0.5031	0.8547	1.0755	0.3642	0.4182	0.2934	0.0	1.4103	0.4084	0.7404	0.2949	0.337	0.274	0.0	1.0067	7.048	0.6083	0.689	0.2937	0.0	7.048	0.6083	0.689	0.2937	0.0	0.0	0.0	0.0	0.0	0.0	0.0	0.5394	0.0	0.0	0.0	0.0	0.0	0.0	0.0	0.0	0.5394	0.0	0.0	0.7793	1.2244	0.8307	0.4498	0.0	0.4271	0.7793	1.2244	0.8307	0.4498	0.0	0.4271	0.0	0.0	0.0	0.0	0.0	0.0	0.0	0.0	0.0	0.0	0.0	0.0	0.0	0.0	0.0	0.0	0.0	0.0	0.0	0.0	0.0	0.0	0.0	0.0	0.0	0.0	0.0	0.0	0.0	0.0	0.0	0.0	0.0	0.0	0.0	0.0	0.0	0.0	0.0	0.0	0.0	0.0	0.0	0.0	0.0	0.0	0.0	0.0	0.0	0.0	0.0	0.0	0.0	0.0	0.0	0.0	0.0	0.3221	0.0	0.0	0.0	0.3221	0.7646	0.447	0.3564	0.3488	0.3308	0.3124	0.2971	0.2743	0.255	0.2325	0.2159	0.1722	0.0902	0.0844	0.7646	0.447	0.3564	0.3488	0.3308	0.3124	0.2971	0.2743	0.255	0.2325	0.2159	0.1722	0.0902	0.0844	0.0	0.0	0.0	0.0	0.0	0.0	0.0	0.0	0.0	0.0	0.0	0.0	0.0	0.0	0.0	0.0	0.0	0.0	0.0	0.0	0.0	0.0	0.0	0.0	0.0	0.0	0.0	0.0	0.0	0.0	0.0	0.0	0.0	0.0	0.0	0.0	0.0	0.0	0.0	0.0	0.0	0.0	0.0	0.0	0.0	0.0	0.0	0.0	0.0	0.0	0.0	0.0	0.0	0.0	0.0	0.0	0.0	0.0	0.0	0.0	0.0	0.0	0.0	0.0	0.0	0.0	0.0	0.0	0.0	0.0	0.0	0.0	0.0	0.0	0.0	0.0	0.0	0.0	0.0	0.0	0.0	0.0	0.0	0.0	0.0	0.0	0.0	0.0	0.0	0.0	0.0	0.0	0.0	0.0	0.0	0.0	0.0	0.0	0.0	0.0	0.0	0.0	0.0	0.0	0.0	0.0	0.0	0.0
SRR24887774	5.1801	4.9287	14.8915	1.7427	1.1566	2.7576	6.7337	5.1161	0.0	1.1326	1.6691	0.0	0.0	1.3774	1.7271	5.2226	1.3609	1.582	7.1169	0.0	0.0	0.7952	1.6722	0.7394	0.0	0.0	0.9587	1.4129	0.0	1.4155	0.6391	1.2414	0.0	0.0	0.5711	0.5899	0.0	0.5008	0.4447	0.8179	0.2651	1.7007	1.2633	0.557	0.0	0.0	1.0329	0.0	0.6466	0.309	0.6033	0.0	0.0	0.2153	5.1801	4.9287	14.8915	1.7427	1.1566	2.7576	6.7337	5.1161	0.0	1.1326	1.6691	0.0	0.0	1.3774	1.7271	5.2226	1.3609	1.582	7.1169	0.0	0.0	0.7952	1.6722	0.7394	0.0	0.0	0.9587	1.4129	0.0	1.4155	0.6391	1.2414	0.0	0.0	0.5711	0.5899	0.0	0.5008	0.4447	0.8179	0.2651	1.7007	1.2633	0.557	0.0	0.0	1.0329	0.0	0.6466	0.309	0.6033	0.0	0.0	0.2153	0.0	1.1678	1.609	0.4052	0.0	0.0	1.1678	1.609	0.4052	0.0	0.0	0.0	1.1069	0.9843	0.9722	0.989	0.5931	0.3794	0.0	0.0	0.0	1.1069	0.9843	0.9722	0.989	0.5931	0.3794	0.0	0.0	0.0	0.0	0.3388	0.0	0.0	0.0	0.0	0.0	0.3388	0.0	0.0	1.6553	0.0	0.0	0.0	0.0	0.0	1.6553	0.0	0.0	0.0	0.0	0.0	0.9145	0.0	0.0	0.1383	0.9145	0.0	0.0	0.1383	0.0	0.0	0.0	0.0	0.0	0.4448	0.0	0.4448	0.0	0.0	0.0	0.0	0.0	0.0	0.0	0.0	0.0	0.0	1.1841	0.0	0.0	1.1841	0.0	0.0	0.0	0.0	0.0	0.0	0.0	0.0	0.0	0.0	0.8809	0.8809	0.0	1.2171	0.0	0.0	0.0	1.2171	0.0	0.0	0.0	0.0	0.0	0.0	0.0	0.0	0.0	0.0	0.0	0.0	0.0	0.0	0.0	0.0	0.0	0.0	0.0	0.0	0.0	0.0	0.0	0.0	0.0	0.0	0.0	0.0	0.0	0.0	1.9458	0.3746	0.3231	0.2881	1.9458	0.3746	0.3231	0.2881	0.0	0.0	0.0	0.0	0.0	0.0	0.0	0.0	0.0	0.0	0.0	0.0	0.0	0.0	0.0	0.0	0.0	0.0	0.0	0.0	0.0	0.0	0.0	0.0	0.0	0.0	0.0	0.0	0.0	0.0	0.0	0.0	0.0	0.0	0.0	0.0	0.0	0.0	0.0	0.0	0.0	0.0	0.0	0.0	0.0	0.0	0.0	0.0	0.0	0.0	0.0	0.0	0.0	0.0	0.0	0.0	0.0	0.0	0.0	0.0	0.0	0.0	0.0	0.0	0.0	0.0	0.0	0.0	0.0	0.0	0.0	0.0	0.0	0.0	0.0	0.0	0.0	0.0	0.0	0.0	0.0	0.0	0.0	0.0	0.0	0.0	0.0	0.0	0.0	0.0	0.0	0.0	0.0	0.0	0.0	0.0	0.0	0.0	0.0	0.0
SRR24887777	4.6732	1.3661	14.2302	5.2723	1.9008	1.9365	10.6073	1.8708	0.0	0.0	2.0341	0.0	0.0	1.5185	1.3851	1.8928	0.5662	6.2063	5.2103	0.911	0.0	0.4273	1.4743	1.3339	0.0	0.8608	4.9643	1.4049	0.9845	4.9655	0.0	0.0	0.0	0.0	0.0	0.99	0.0	0.0	0.0	0.6138	2.1171	0.7836	0.4371	0.3604	0.0	0.0	0.4347	0.0	0.0	0.2607	0.4909	0.0	0.0	0.3768	4.6732	1.3661	14.2302	5.2723	1.9008	1.9365	10.6073	1.8708	0.0	0.0	2.0341	0.0	0.0	1.5185	1.3851	1.8928	0.5662	6.2063	5.2103	0.911	0.0	0.4273	1.4743	1.3339	0.0	0.8608	4.9643	1.4049	0.9845	4.9655	0.0	0.0	0.0	0.0	0.0	0.99	0.0	0.0	0.0	0.6138	2.1171	0.7836	0.4371	0.3604	0.0	0.0	0.4347	0.0	0.0	0.2607	0.4909	0.0	0.0	0.3768	0.0	0.0	5.4069	0.0	0.0	0.0	0.0	5.4069	0.0	0.0	0.0	0.0	0.915	0.5817	0.0	0.6599	0.714	0.4539	0.0	0.0	0.0	0.915	0.5817	0.0	0.6599	0.714	0.4539	0.0	0.0	0.0	0.0	0.2685	0.0	0.0	0.0	0.0	0.0	0.2685	0.0	0.0	0.0	0.0	0.0	0.0	0.0	0.0	0.0	0.0	0.0	0.0	0.0	0.0	0.0	0.0	0.0	0.1938	0.0	0.0	0.0	0.1938	1.5185	0.0	1.5185	0.0	0.3615	0.0	0.3615	0.0	0.0	0.0	0.0	0.6289	0.3515	0.0	0.0	0.0	0.6289	0.3515	0.0	0.0	0.0	0.0	0.0	0.0	1.2399	0.6736	0.2735	0.0	1.2399	0.6736	0.2735	0.0	0.0	0.0	0.0	0.0	0.0	0.0	0.0	0.0	0.0	0.0	0.0	0.0	0.0	0.0	0.0	0.0	0.0	0.0	0.0	0.0	0.0	0.0	0.0	0.0	0.0	0.0	0.0	0.0	0.0	0.0	0.0	0.0	0.0	0.0	0.0	0.0	0.0	0.0	0.0	0.0	0.0	0.0	0.0	0.0	0.0	0.0	0.5164	0.2469	0.1329	0.5164	0.2469	0.1329	0.0	0.0	0.0	0.0	0.0	0.0	0.0	0.0	0.0	0.0	0.0	0.0	0.0	0.0	0.0	0.0	0.0	0.0	0.0	0.0	0.0	0.0	0.0	0.0	0.0	0.0	0.0	0.0	0.0	0.0	0.0	0.0	0.0	0.0	0.0	0.0	0.0	0.0	0.0	0.0	0.0	0.0	0.0	0.0	0.0	0.0	0.0	0.0	0.0	0.0	0.0	0.0	0.0	0.0	0.0	0.0	0.0	0.0	0.0	0.0	0.0	0.0	0.0	0.0	0.0	0.0	0.0	0.0	0.0	0.0	0.0	0.0	0.0	0.0	0.0	0.0	0.0	0.0	0.0	0.0	0.0	0.0	0.0	0.0	0.0	0.0	0.0	0.0	0.0	0.0	0.0	0.0	0.0	0.0
SRR24888034	6.6954	5.0086	20.9078	3.9037	3.4957	1.6968	0.0	1.4354	1.6422	0.7174	1.5435	0.836	0.0	1.0741	1.0873	3.0996	0.9647	4.1485	3.5692	0.0	0.0	0.3219	0.9036	0.6276	0.0	0.0	1.5495	3.8094	1.1913	3.873	0.3447	0.4351	0.0	0.0	0.4845	0.3685	0.0	0.3772	0.4832	0.4914	0.4735	1.2061	0.5225	0.2774	0.0	0.0	1.3333	0.0	0.2348	0.0	0.684	0.0	0.0	0.2556	6.6954	5.0086	20.9078	3.9037	3.4957	1.6968	0.0	1.4354	1.6422	0.7174	1.5435	0.836	0.0	1.0741	1.0873	3.0996	0.9647	4.1485	3.5692	0.0	0.0	0.3219	0.9036	0.6276	0.0	0.0	1.5495	3.8094	1.1913	3.873	0.3447	0.4351	0.0	0.0	0.4845	0.3685	0.0	0.3772	0.4832	0.4914	0.4735	1.2061	0.5225	0.2774	0.0	0.0	1.3333	0.0	0.2348	0.0	0.684	0.0	0.0	0.2556	0.0	0.0	4.2977	0.2276	0.0	0.0	0.0	4.2977	0.2276	0.0	1.5222	0.0	0.8825	0.721	0.0	0.6247	0.5871	0.4524	0.0	1.5222	0.0	0.8825	0.721	0.0	0.6247	0.5871	0.4524	0.0	0.0	1.1218	0.0	0.2743	0.0	0.3954	0.0	1.1218	0.0	0.2743	0.0	0.3954	1.155	0.0	0.7718	0.0	0.0	0.0	1.155	0.0	0.7718	0.0	0.0	0.0	0.0	0.0	0.0	0.0726	0.0	0.0	0.0	0.0726	0.0	0.0	0.0	0.0	0.0	0.0	0.0	0.0	0.0	0.0	0.0	0.4998	0.0	0.0	0.0	0.0	0.4998	0.0	0.8742	0.0	0.0	0.8742	0.0	0.0	0.0	0.0	0.0	0.0	0.0	0.0	0.0	0.0	0.8103	0.8103	0.0	0.0	0.0	0.0	0.0	0.0	0.0	0.0	0.0	0.0	0.0	0.0	0.0	0.0	0.0	0.2965	0.2968	0.0	0.2694	0.0	0.0	0.0	0.0	0.0	0.0	0.0	0.0	0.0	0.0	0.2965	0.2968	0.0	0.2694	0.0	0.0	0.0	0.0	0.0	0.0	0.0	0.0	0.0	0.0	0.0	0.3936	0.0	0.0737	0.3936	0.0	0.0737	0.5606	0.2692	0.2513	0.2246	0.5606	0.2692	0.2513	0.2246	0.0	0.0	0.0	0.0	0.0	0.0	0.0	0.0	0.0	0.0	0.0	0.0	0.0	0.0	0.0	0.0	0.0	0.0	0.0	0.0	0.0	0.0	0.0	0.0	0.0	0.0	0.0	0.0	0.0	0.0	0.0	0.0	0.0	0.0	0.0	0.0	0.0	0.0	0.0	0.0	0.0	0.0	0.0	0.0	0.0	0.0	0.0	0.0	0.0	0.0	0.0	0.0	0.0	0.0	0.0	0.0	0.0	0.0	0.0	0.0	0.0	0.0	0.0	0.0	0.0	0.0	0.0	0.0	0.0	0.0	0.0	0.0	0.0	0.0	0.0	0.0	0.0	0.0	0.0	0.0	0.0	0.0	0.0	0.0	0.0	0.0
SRR24888047	9.5641	7.8819	6.1876	7.0973	6.727	6.4501	2.2102	2.69	2.6706	2.6463	2.5224	1.7325	1.9612	0.0	1.973	1.6048	1.1648	1.5711	1.2403	1.6166	0.0	1.0853	1.1928	1.2459	1.4835	0.0	1.3381	1.1607	1.2625	1.4392	1.0429	2.3189	0.0	0.4852	0.6264	0.7931	0.9237	0.6983	0.8702	0.0	0.6387	0.7134	0.0	0.5731	0.4182	0.0	0.7401	0.0	0.5901	0.3313	0.3231	0.2686	0.0	0.3082	9.5641	7.8819	6.1876	7.0973	6.727	6.4501	2.2102	2.69	2.6706	2.6463	2.5224	1.7325	1.9612	0.0	1.973	1.6048	1.1648	1.5711	1.2403	1.6166	0.0	1.0853	1.1928	1.2459	1.4835	0.0	1.3381	1.1607	1.2625	1.4392	1.0429	2.3189	0.0	0.4852	0.6264	0.7931	0.9237	0.6983	0.8702	0.0	0.6387	0.7134	0.0	0.5731	0.4182	0.0	0.7401	0.0	0.5901	0.3313	0.3231	0.2686	0.0	0.3082	2.3865	0.9196	0.0	0.5519	0.0	2.3865	0.9196	0.0	0.5519	0.0	0.0	0.0	0.0	0.0	0.0	0.0	0.0	0.0	0.0	0.0	0.0	0.0	0.0	0.0	0.0	0.0	0.0	0.0	0.0	0.0	0.0	0.0	0.0	0.0	0.0	0.0	0.0	0.0	0.0	0.0	0.0	0.0	0.0	0.0	0.0	0.0	0.0	0.0	0.0	0.0	0.0	0.0	0.0	0.0	0.0	0.0	0.0	0.0	0.0	0.0	0.0	0.0	0.0	0.0	0.0	0.0	0.0	0.0	0.0	0.0	0.0	0.0	0.0	0.0	0.0	0.0	0.0	0.0	0.0	0.0	0.0	0.0	0.0	0.0	0.0	0.0	0.0	0.0	0.0	0.0	0.0	0.0	0.0	0.0	0.0	0.0	0.0	0.0	0.0	0.0	0.0	0.0	0.0	0.0	0.0	0.0	0.0	0.0	0.0	0.0	0.0	0.0	0.0	0.0	0.0	0.0	0.0	0.0	0.0	0.0	0.0	0.0	0.0	0.0	0.0	0.0	0.0	0.0	0.0	0.0	0.0	0.0	0.0	0.0	0.0	0.0	0.0	0.0	0.0	0.0	0.0	0.0	0.0	0.0	0.0	0.0	0.0	0.0	0.0	0.0	0.0	0.0	1.7675	1.2004	0.7909	1.7675	1.2004	0.7909	0.0	0.0	0.0	0.0	0.0	0.0	0.0	0.0	0.0	0.0	0.0	0.0	0.0	0.0	0.0	0.0	0.0	0.0	0.0	0.0	0.0	0.0	0.0	0.0	0.0	0.0	0.0	0.0	0.0	0.0	0.0	0.0	0.0	0.0	0.0	0.0	0.0	0.0	0.0	0.0	0.0	0.0	0.0	0.0	0.0	0.0	0.0	0.0	0.0	0.0	0.0	0.0	0.0	0.0	0.0	0.0	0.0	0.0	0.0	0.0	0.0	0.0	0.0	0.0	0.0	0.0	0.0	0.0	0.0	0.0	0.0	0.0	0.0	0.0	0.0	0.0	0.0	0.0	0.0	0.0
SRR24888113	3.8672	0.9124	15.8272	4.7043	3.8344	1.7374	10.5167	1.7569	0.0	0.0	1.5782	0.0	0.0	1.4307	1.2059	1.4529	0.4407	5.2089	4.3787	0.0	0.0	0.0	1.223	5.0912	0.0	0.7295	2.1805	1.4548	0.649	5.1645	0.4195	0.0	0.0	0.0	0.0	0.426	0.0	0.0	0.0	0.5541	1.4498	1.1952	0.4404	0.3664	0.0	0.0	0.4511	0.0	0.0	0.0	1.1845	0.0	0.0	0.5193	3.8672	0.9124	15.8272	4.7043	3.8344	1.7374	10.5167	1.7569	0.0	0.0	1.5782	0.0	0.0	1.4307	1.2059	1.4529	0.4407	5.2089	4.3787	0.0	0.0	0.0	1.223	5.0912	0.0	0.7295	2.1805	1.4548	0.649	5.1645	0.4195	0.0	0.0	0.0	0.0	0.426	0.0	0.0	0.0	0.5541	1.4498	1.1952	0.4404	0.3664	0.0	0.0	0.4511	0.0	0.0	0.0	1.1845	0.0	0.0	0.5193	0.0	0.7129	5.365	0.0	0.0	0.0	0.7129	5.365	0.0	0.0	0.0	1.3454	0.6443	0.5963	0.0	0.7969	0.4641	0.8181	0.0	0.0	1.3454	0.6443	0.5963	0.0	0.7969	0.4641	0.8181	0.0	0.0	0.0	0.0	0.2141	0.0	0.0321	0.0	0.0	0.0	0.2141	0.0	0.0321	1.1496	0.0	0.0	0.7681	0.0	0.0	1.1496	0.0	0.0	0.7681	0.0	0.0	0.0	0.0	0.1946	0.2162	0.0	0.0	0.1946	0.2162	0.0	0.0	0.0	0.0	0.6406	0.8843	0.6406	0.8843	1.0238	0.0	0.7255	0.5109	0.2819	1.0238	0.0	0.7255	0.5109	0.2819	0.0	0.264	0.0	0.0	0.264	0.0	0.0	0.0	0.0	0.0	0.0	0.0	0.0	0.0	0.0	0.0	0.0	0.0	0.0	0.0	0.0	0.0	0.0	0.0	0.0	0.0	0.0	0.0	0.0	0.0	0.0	0.0	0.0	0.0	0.0	0.0	0.0	0.0	0.0	0.0	0.0	0.0	0.0	0.0	0.0	0.0	0.0	0.0	0.0	0.0	0.0	0.0	0.0	0.0	0.0	0.0	0.0	0.0	0.0	0.0	0.0	0.0	0.0	0.0	0.0	0.0	0.0	0.0	0.0	0.0	0.0	0.0	0.0	0.0	0.0	0.0	0.0	0.0	0.0	0.0	0.0	0.0	0.0	0.0	0.0	0.0	0.0	0.0	0.0	0.0	0.0	0.0	0.0	0.0	0.0	0.0	0.0	0.0	0.0	0.0	0.0	0.0	0.0	0.0	0.0	0.0	0.0	0.0	0.0	0.0	0.0	0.0	0.0	0.0	0.0	0.0	0.0	0.0	0.0	0.0	0.0	0.0	0.0	0.0	0.0	0.0	0.0	0.0	0.0	0.0	0.0	0.0	0.0	0.0	0.0	0.0	0.0	0.0	0.0	0.0	0.0	0.0	0.0	0.0	0.0	0.0	0.0	0.0	0.0	0.0	0.0	0.0	0.0	0.0	0.0	0.0	0.0	0.0	0.0	0.0
SRR24888123	2.1068	1.1521	12.7765	4.6569	2.1815	3.9288	8.4489	1.5634	2.1895	0.0	1.52	0.0	0.0	1.5094	1.2023	4.4301	0.5645	5.855	5.114	0.0	0.0	0.5544	1.2148	1.6402	0.0	0.7218	1.4771	1.218	0.842	5.4063	0.0	0.0	0.0	0.0	0.0	0.0	0.0	0.368	0.0	0.71	0.8477	1.3126	0.5029	0.4574	0.0	0.0	0.4791	0.0	0.0	0.0	1.1405	0.0	0.0	0.2211	2.1068	1.1521	12.7765	4.6569	2.1815	3.9288	8.4489	1.5634	2.1895	0.0	1.52	0.0	0.0	1.5094	1.2023	4.4301	0.5645	5.855	5.114	0.0	0.0	0.5544	1.2148	1.6402	0.0	0.7218	1.4771	1.218	0.842	5.4063	0.0	0.0	0.0	0.0	0.0	0.0	0.0	0.368	0.0	0.71	0.8477	1.3126	0.5029	0.4574	0.0	0.0	0.4791	0.0	0.0	0.0	1.1405	0.0	0.0	0.2211	0.0	0.0	5.7153	0.0	0.0	0.0	0.0	5.7153	0.0	0.0	0.0	0.0	0.8751	0.0	0.0	0.7642	0.403	1.1371	0.0	0.0	0.0	0.8751	0.0	0.0	0.7642	0.403	1.1371	0.0	0.0	0.0	0.0	0.0	0.0	0.0721	0.0	0.0	0.0	0.0	0.0	0.0721	1.0494	0.0	0.0	0.0	0.0	0.0	1.0494	0.0	0.0	0.0	0.0	0.0	0.665	0.0	0.2772	0.1635	0.665	0.0	0.2772	0.1635	0.0	0.0	0.0	0.0	0.4956	0.8463	0.4956	0.8463	0.8136	0.0	0.6943	0.4956	0.165	0.8136	0.0	0.6943	0.4956	0.165	0.6831	0.0	0.0	0.6831	0.0	0.0	0.0	0.0	0.0	0.0	0.0	0.0	0.0	0.0	1.2737	1.2737	0.0	1.0312	0.0	0.4233	0.0	1.0312	0.0	0.4233	0.0	0.0	0.0	0.0	0.0	0.0	0.0	0.0	0.0	0.0	0.0	0.0	0.0	0.0	0.0	0.0	0.0	0.0	0.0	0.0	0.0	0.0	0.0	0.0	0.0	0.0	0.0	0.0	0.0	0.0	0.0	0.0	0.0	0.0	0.0	0.0	0.0	0.0	0.0	0.0	0.0	0.0	0.0	0.0	0.0	0.0	0.0	0.0	0.0	0.0	0.0	0.0	0.5569	0.0	0.0	0.5569	1.1772	0.5139	0.3224	0.2827	0.2591	0.1801	0.1242	0.1189	0.1076	1.1772	0.5139	0.3224	0.2827	0.2591	0.1801	0.1242	0.1189	0.1076	0.0	0.0	0.0	0.0	0.0	0.0	0.0	0.0	0.0	0.0	0.0	0.0	0.0	0.0	0.0	0.0	0.0	0.0	0.0	0.0	0.0	0.0	0.0	0.0	0.0	0.0	0.0	0.0	0.0	0.0	0.0	0.0	0.0	0.0	0.0	0.0	0.0	0.0	0.0	0.0	0.0	0.0	0.0	0.0	0.0	0.0	0.0	0.0	0.0	0.0	0.0	0.0	0.0	0.0	0.0	0.0	0.0	0.0	0.0	0.0	0.0	0.0
SRR24888217	3.4204	1.2286	13.816	4.5004	3.3385	1.6721	4.9279	4.3482	4.7358	0.0	3.0694	0.0	0.0	1.3539	0.0	3.3685	0.7003	5.2045	5.4631	0.8041	0.0	0.4344	1.1502	1.1938	0.0	0.6434	5.1083	3.193	1.0043	3.6166	0.3391	0.0	0.0	0.0	0.0	0.7823	0.0	0.0	0.0	0.4878	2.9145	1.2001	0.4195	0.4157	0.0	0.0	0.4196	0.0	0.0	0.0	0.373	0.0	0.0	0.6263	3.4204	1.2286	13.816	4.5004	3.3385	1.6721	4.9279	4.3482	4.7358	0.0	3.0694	0.0	0.0	1.3539	0.0	3.3685	0.7003	5.2045	5.4631	0.8041	0.0	0.4344	1.1502	1.1938	0.0	0.6434	5.1083	3.193	1.0043	3.6166	0.3391	0.0	0.0	0.0	0.0	0.7823	0.0	0.0	0.0	0.4878	2.9145	1.2001	0.4195	0.4157	0.0	0.0	0.4196	0.0	0.0	0.0	0.373	0.0	0.0	0.6263	0.0	0.6287	4.1284	0.2717	0.0	0.0	0.6287	4.1284	0.2717	0.0	0.0	0.0	0.6739	0.0	0.0	0.6401	0.5192	0.4094	0.0	0.0	0.0	0.6739	0.0	0.0	0.6401	0.5192	0.4094	0.0	0.0	0.0	0.0	0.3886	0.0	0.0	0.0	0.0	0.0	0.3886	0.0	0.0	0.0	0.0	0.0	0.0	0.0	0.0	0.0	0.0	0.0	0.0	0.0	0.0	0.0	0.0	0.0	0.1856	0.0	0.0	0.0	0.1856	0.0	0.0	0.0	0.0	0.2747	0.0	0.2747	0.0	0.0	0.0	0.4358	0.3983	0.382	0.0	0.0	0.4358	0.3983	0.382	0.3873	0.0	0.0	0.3873	0.0	0.0	0.9731	0.4764	0.2887	0.0	0.9731	0.4764	0.2887	0.0	0.0	0.0	0.0	0.0	0.0	0.0	0.0	0.0	0.0	0.0	0.0	0.0	0.0	0.0	0.0	0.0	0.0	0.0	0.0	0.0	0.0	0.0	0.0	0.0	0.0	0.0	0.0	0.0	0.0	0.0	0.0	0.0	0.0	0.0	0.0	0.0	0.0	0.0	0.0	0.0	0.0	0.0	0.0	0.0	0.0	0.0	0.3746	0.2083	0.178	0.3746	0.2083	0.178	0.0	0.0	0.0	0.0	0.0	0.0	0.0	0.0	0.0	0.0	0.0	0.0	0.0	0.0	0.0	0.0	0.0	0.0	0.0	0.0	0.0	0.0	0.0	0.0	0.0	0.0	0.0	0.0	0.0	0.0	0.0	0.0	1.223	0.2803	1.223	0.2803	0.0	0.0	0.0	0.0	0.0	0.0	0.0	0.0	0.0	0.0	0.0	0.0	0.0	0.0	0.0	0.0	0.0	0.0	0.0	0.0	0.0	0.0	0.0	0.0	0.0	0.0	0.0	0.0	0.0	0.0	0.0	0.0	0.0	0.0	0.0	0.0	0.0	0.0	0.0	0.0	0.0	0.0	0.0	0.0	0.0	0.0	0.0	0.0	0.0	0.0	0.0	0.0	0.0	0.0	0.0	0.0	0.0	0.0
SRR24888308	1.7305	1.5764	16.7626	7.3792	0.8601	1.1751	5.9993	1.979	0.0	0.0	1.9216	1.2058	0.0	1.3442	1.4385	2.0708	0.6785	2.0719	8.3898	0.0	0.0	1.0869	1.3486	1.3831	0.0	1.0612	2.0185	1.0267	0.4655	1.3353	0.5425	0.0	0.0	0.0	0.0	1.0821	0.0	0.3767	0.0	0.5551	0.4005	0.7372	0.9415	0.4017	0.0	0.0	0.0	0.0	0.0	0.0	1.5528	0.0	0.0	0.3707	1.7305	1.5764	16.7626	7.3792	0.8601	1.1751	5.9993	1.979	0.0	0.0	1.9216	1.2058	0.0	1.3442	1.4385	2.0708	0.6785	2.0719	8.3898	0.0	0.0	1.0869	1.3486	1.3831	0.0	1.0612	2.0185	1.0267	0.4655	1.3353	0.5425	0.0	0.0	0.0	0.0	1.0821	0.0	0.3767	0.0	0.5551	0.4005	0.7372	0.9415	0.4017	0.0	0.0	0.0	0.0	0.0	0.0	1.5528	0.0	0.0	0.3707	0.0	0.0	1.2057	0.0	0.0	0.0	0.0	1.2057	0.0	0.0	0.0	1.9999	0.0	0.757	0.0	0.8975	0.0	0.7221	0.0	0.0	1.9999	0.0	0.757	0.0	0.8975	0.0	0.7221	0.0	0.0	0.0	0.0	0.0	0.1586	0.0	0.0	0.0	0.0	0.0	0.1586	0.0	1.204	0.0	0.0	0.0	0.0	0.0	1.204	0.0	0.0	0.0	0.0	0.0	0.7237	0.0	0.3377	0.5788	0.7237	0.0	0.3377	0.5788	0.0	0.0	0.0	0.0	0.4672	0.0	0.4672	0.0	0.5618	2.069	0.0	0.0	0.0	0.5618	2.069	0.0	0.0	0.0	0.9003	0.0	0.0	0.9003	0.0	0.0	0.0	0.0	0.0	0.0	0.0	0.0	0.0	0.0	0.0	0.0	0.0	1.8667	0.0	0.0	0.0	1.8667	0.0	0.0	0.0	0.0	0.0	0.0	0.0	0.0	0.0	0.0	0.0	0.0	0.0	0.0	0.0	0.0	0.0	0.0	0.0	0.0	0.0	0.0	0.0	0.0	0.0	0.0	0.0	0.0	0.0	0.0	0.455	0.0	0.2515	0.0	0.455	0.0	0.2515	0.0	0.0	0.2085	0.0	0.0	0.2085	0.0	0.0	0.0	0.0	0.0	0.0	0.0	0.0	0.0	1.4105	0.0	0.6281	1.4105	0.0	0.6281	0.0	0.0	0.0	0.0	0.0	0.0	0.0	0.0	0.0	0.0	0.0	0.0	0.0	0.0	0.0	0.0	0.0	0.0	0.0	0.0	0.0	0.0	2.0974	1.0869	1.0477	1.0029	0.9382	0.8116	0.8088	0.6125	0.57	0.3502	2.0974	1.0869	1.0477	1.0029	0.9382	0.8116	0.8088	0.6125	0.57	0.3502	0.0	0.0	0.0	0.0	0.0	0.0	0.0	0.0	0.0	0.0	0.0	0.0	0.0	0.0	0.0	0.0	0.0	0.0	0.0	0.0	0.0	0.0	0.0	0.0	0.0	0.0	0.0	0.0	0.0	0.0	0.0	0.0	0.0	0.0	0.0	0.0	0.0	0.0
SRR24888309	6.6153	1.816	14.1576	7.0552	1.6964	1.99	13.4199	6.4365	1.517	0.0	1.9646	0.0	1.5036	1.5346	1.963	1.5491	0.4116	2.6854	1.7282	0.0	0.0	0.0	1.0626	1.4788	0.0	1.2009	1.4823	2.3472	0.6701	1.5796	0.8084	0.0	0.0	0.0	0.0	0.5911	0.0	0.0	0.3788	0.3845	0.5399	1.6988	2.0888	0.4877	0.0	0.0	0.0	0.0	0.0	0.0	0.5424	0.0	0.0	0.6879	6.6153	1.816	14.1576	7.0552	1.6964	1.99	13.4199	6.4365	1.517	0.0	1.9646	0.0	1.5036	1.5346	1.963	1.5491	0.4116	2.6854	1.7282	0.0	0.0	0.0	1.0626	1.4788	0.0	1.2009	1.4823	2.3472	0.6701	1.5796	0.8084	0.0	0.0	0.0	0.0	0.5911	0.0	0.0	0.3788	0.3845	0.5399	1.6988	2.0888	0.4877	0.0	0.0	0.0	0.0	0.0	0.0	0.5424	0.0	0.0	0.6879	0.0	1.0957	1.0488	0.0	0.0	0.0	1.0957	1.0488	0.0	0.0	0.0	0.0	0.0	1.0652	0.0	1.0471	0.0	0.0	0.0	0.0	0.0	0.0	1.0652	0.0	1.0471	0.0	0.0	0.0	0.0	0.0	0.0	0.2925	0.0	0.0	0.0	0.0	0.0	0.2925	0.0	0.0	0.0	0.0	0.0	0.0	0.0	0.9921	0.0	0.0	0.0	0.0	0.0	0.9921	0.885	0.0	0.0	0.0	0.885	0.0	0.0	0.0	0.0	0.0	0.0	0.0	0.0	0.0	0.0	0.0	0.0	1.6758	0.0	0.7655	0.0	0.0	1.6758	0.0	0.7655	0.0	0.4584	0.0	0.0	0.4584	0.0	0.0	0.0	0.0	0.0	0.0	0.0	0.0	0.0	0.0	0.0	0.0	0.0	0.0	0.0	0.0	0.0	0.0	0.0	0.0	0.0	0.0	0.7018	0.0	0.0	0.0	0.0	0.0	0.0	0.0	0.0	0.0	0.0	0.0	0.0	0.0	0.7018	0.0	0.0	0.0	0.0	0.0	0.0	0.0	0.0	0.0	0.0	0.0	0.0	0.0	0.0	0.0	0.0	0.0	0.0	0.0	0.0	0.6191	0.0	0.0	0.6191	0.0	0.0	0.0	0.0	0.0	0.0	0.0	0.0	0.0	0.0	0.0	0.0	0.0	0.0	0.0	0.0	0.0	0.0	0.0	0.0	0.0	0.0	0.0	0.0	0.0	0.0	0.0	0.0	0.0	0.0	0.0	0.0	0.0	0.0	0.7473	0.0	0.7473	0.0	0.4647	0.0	1.6976	0.0	0.0	0.0	0.0	0.0	0.0	0.0	0.4647	0.0	1.6976	0.0	0.0	0.0	0.0	0.0	0.0	0.3693	0.3693	0.0	0.0	0.0	0.0	0.0	0.0	0.0	0.0	0.0	0.0	0.0	0.0	0.0	0.0	0.0	0.0	0.0	0.0	0.0	0.0	0.0	0.0	0.0	0.0	0.0	0.0	0.0	0.0	0.0	0.0	0.0	0.0	0.0	0.0	0.0	0.0
SRR24888310	2.0904	1.3387	10.7255	6.952	0.8027	0.9328	0.0	5.1283	1.3501	0.0	1.9148	1.6339	1.9055	1.2878	1.7285	4.6346	0.5858	7.1276	7.159	0.0	0.0	1.2998	2.008	1.0164	0.5709	1.0574	2.3391	1.3105	0.0	5.3518	0.7939	0.0	0.0	0.0	0.0	0.8045	0.0	0.0	0.0	0.6878	0.4408	1.4231	1.0686	0.4864	0.0	0.0	0.0	0.0	0.0	0.0	2.0424	0.0	0.0	0.5183	2.0904	1.3387	10.7255	6.952	0.8027	0.9328	0.0	5.1283	1.3501	0.0	1.9148	1.6339	1.9055	1.2878	1.7285	4.6346	0.5858	7.1276	7.159	0.0	0.0	1.2998	2.008	1.0164	0.5709	1.0574	2.3391	1.3105	0.0	5.3518	0.7939	0.0	0.0	0.0	0.0	0.8045	0.0	0.0	0.0	0.6878	0.4408	1.4231	1.0686	0.4864	0.0	0.0	0.0	0.0	0.0	0.0	2.0424	0.0	0.0	0.5183	0.0	0.0	1.6669	0.0	0.0	0.0	0.0	1.6669	0.0	0.0	0.0	0.0	0.0	0.7919	0.4213	1.436	0.0	0.7593	0.0	0.0	0.0	0.0	0.7919	0.4213	1.436	0.0	0.7593	0.0	0.0	0.0	0.0	0.0	0.2614	0.0	0.0	0.0	0.0	0.0	0.2614	0.0	1.5193	0.0	0.0	0.0	0.0	0.0	1.5193	0.0	0.0	0.0	0.0	0.0	0.8063	0.0	0.3485	0.6815	0.8063	0.0	0.3485	0.6815	0.0	0.0	0.0	0.0	0.3984	0.0	0.3984	0.0	0.0	0.0	0.0	0.0	0.0	0.0	0.0	0.0	0.0	0.0	0.5489	0.0	0.0	0.5489	0.0	0.0	0.0	0.0	0.0	0.0	0.0	0.0	0.0	0.0	0.0	0.0	0.0	0.0	0.0	0.0	0.0	0.0	0.0	0.0	0.0	0.0	0.0	0.0	0.0	0.0	0.0	0.0	0.0	0.0	0.0	0.0	0.0	0.0	0.0	0.0	0.0	0.0	0.0	0.0	0.0	0.0	0.0	0.0	0.0	0.0	0.0	0.0	0.0	0.0	0.0	0.0	0.0	0.0	0.0	0.0	0.0	0.4478	0.0	0.0	0.4478	0.0	0.0	0.0	0.0	0.0	0.0	0.0	0.0	0.0	1.5164	0.0	0.0	1.5164	0.0	0.0	0.0	0.0	0.0	0.0	0.0	0.0	0.0	0.0	0.0	0.0	0.0	0.0	0.0	0.0	0.0	0.0	0.0	0.0	0.0	0.0	0.0	0.0	0.0	1.4137	0.9127	1.2198	0.0	0.9958	0.7569	0.5271	0.7655	0.3313	0.0	1.4137	0.9127	1.2198	0.0	0.9958	0.7569	0.5271	0.7655	0.3313	0.0	0.0	0.6787	0.2768	0.6787	0.2768	0.0	0.0	0.0	0.0	0.0	0.0	0.0	0.0	0.0	0.0	0.0	0.0	0.0	0.0	0.0	0.0	0.0	0.0	0.0	0.0	0.0	0.0	0.0	0.0	0.0	0.0	0.0	0.0	0.0	0.0	0.0	0.0
SRR24888329	1.6609	1.5217	16.1579	7.2231	0.762	1.3565	3.4297	3.5255	1.029	0.0	1.7653	1.1199	0.0	1.1711	1.1983	4.2269	0.6637	3.6358	6.9328	0.8396	0.0	0.998	1.6222	1.1575	0.5741	0.8247	1.8951	0.9032	0.0	1.2834	0.4967	0.0	0.0	0.0	0.0	0.6668	0.0	0.0	0.3295	0.4575	0.3641	0.849	1.0992	0.3486	0.0	0.0	0.0	0.0	0.0	0.0	1.4215	0.0	0.0	0.4051	1.6609	1.5217	16.1579	7.2231	0.762	1.3565	3.4297	3.5255	1.029	0.0	1.7653	1.1199	0.0	1.1711	1.1983	4.2269	0.6637	3.6358	6.9328	0.8396	0.0	0.998	1.6222	1.1575	0.5741	0.8247	1.8951	0.9032	0.0	1.2834	0.4967	0.0	0.0	0.0	0.0	0.6668	0.0	0.0	0.3295	0.4575	0.3641	0.849	1.0992	0.3486	0.0	0.0	0.0	0.0	0.0	0.0	1.4215	0.0	0.0	0.4051	0.0	0.0	1.2058	0.0	0.0	0.0	0.0	1.2058	0.0	0.0	0.0	3.664	0.0	0.7536	0.5683	0.9106	0.0	0.7336	0.0	0.0	3.664	0.0	0.7536	0.5683	0.9106	0.0	0.7336	0.0	0.0	0.0	0.0	0.0	0.0	0.0	0.0	0.0	0.0	0.0	0.0	0.0	1.2059	0.0	0.0	0.0	0.0	1.2292	1.2059	0.0	0.0	0.0	0.0	1.2292	0.5987	0.0	0.2418	0.4378	0.5987	0.0	0.2418	0.4378	0.0	0.0	0.0	0.0	0.3139	0.0	0.3139	0.0	0.4861	4.02	0.0	0.0	0.0	0.4861	4.02	0.0	0.0	0.0	0.0	0.0	0.0	0.0	0.0	0.0	0.0	0.0	0.0	0.0	0.0	0.0	0.0	0.0	0.0	0.0	0.0	0.0	0.0	0.0	0.0	0.0	0.0	0.0	0.0	0.0	0.0	0.0	0.0	0.0	0.0	0.0	0.0	0.0	0.0	0.0	0.0	0.0	0.0	0.0	0.0	0.0	0.0	0.0	0.0	0.0	0.0	0.0	0.0	0.0	0.0	0.0	0.0	0.0	0.0	0.0	0.0	0.0	0.0	0.0	0.0	0.2102	0.0	0.0	0.2102	0.0	0.0	0.0	0.0	0.0	0.0	0.0	0.0	0.0	1.0567	0.0	0.4936	1.0567	0.0	0.4936	0.0	0.0	0.0	0.0	0.0	0.0	0.0	0.0	0.0	0.0	0.0	0.0	0.0	0.0	0.0	0.0	0.0	0.0	0.0	0.0	0.0	0.0	0.0	1.229	0.9644	0.7542	0.0	0.7598	0.0	0.5627	0.6312	0.2457	0.0	1.229	0.9644	0.7542	0.0	0.7598	0.0	0.5627	0.6312	0.2457	0.0	0.0	0.4084	0.0	0.4084	0.0	1.5616	0.5772	0.2601	1.5616	0.5772	0.2601	0.0	0.0	0.0	0.0	0.0	0.0	0.0	0.0	0.0	0.0	0.0	0.0	0.0	0.0	0.0	0.0	0.0	0.0	0.0	0.0	0.0	0.0	0.0	0.0	0.0	0.0
SRR24888330	12.0576	0.0	39.2299	0.0	0.0	0.0	0.0	10.6292	0.0	0.0	0.0	0.0	0.0	0.0	0.0	14.0118	0.0	0.0	10.4848	0.0	0.0	0.0	0.0	0.0	0.0	0.0	7.1985	0.0	0.0	0.0	0.0	0.0	0.0	0.0	0.0	0.0	0.0	0.0	0.0	0.0	0.0	0.0	0.0	0.0	0.0	0.0	0.0	0.0	0.0	0.0	6.3881	0.0	0.0	0.0	12.0576	0.0	39.2299	0.0	0.0	0.0	0.0	10.6292	0.0	0.0	0.0	0.0	0.0	0.0	0.0	14.0118	0.0	0.0	10.4848	0.0	0.0	0.0	0.0	0.0	0.0	0.0	7.1985	0.0	0.0	0.0	0.0	0.0	0.0	0.0	0.0	0.0	0.0	0.0	0.0	0.0	0.0	0.0	0.0	0.0	0.0	0.0	0.0	0.0	0.0	0.0	6.3881	0.0	0.0	0.0	0.0	0.0	0.0	0.0	0.0	0.0	0.0	0.0	0.0	0.0	0.0	0.0	0.0	0.0	0.0	0.0	0.0	0.0	0.0	0.0	0.0	0.0	0.0	0.0	0.0	0.0	0.0	0.0	0.0	0.0	0.0	0.0	0.0	0.0	0.0	0.0	0.0	0.0	0.0	0.0	0.0	0.0	0.0	0.0	0.0	0.0	0.0	0.0	0.0	0.0	0.0	0.0	0.0	0.0	0.0	0.0	0.0	0.0	0.0	0.0	0.0	0.0	0.0	0.0	0.0	0.0	0.0	0.0	0.0	0.0	0.0	0.0	0.0	0.0	0.0	0.0	0.0	0.0	0.0	0.0	0.0	0.0	0.0	0.0	0.0	0.0	0.0	0.0	0.0	0.0	0.0	0.0	0.0	0.0	0.0	0.0	0.0	0.0	0.0	0.0	0.0	0.0	0.0	0.0	0.0	0.0	0.0	0.0	0.0	0.0	0.0	0.0	0.0	0.0	0.0	0.0	0.0	0.0	0.0	0.0	0.0	0.0	0.0	0.0	0.0	0.0	0.0	0.0	0.0	0.0	0.0	0.0	0.0	0.0	0.0	0.0	0.0	0.0	0.0	0.0	0.0	0.0	0.0	0.0	0.0	0.0	0.0	0.0	0.0	0.0	0.0	0.0	0.0	0.0	0.0	0.0	0.0	0.0	0.0	0.0	0.0	0.0	0.0	0.0	0.0	0.0	0.0	0.0	0.0	0.0	0.0	0.0	0.0	0.0	0.0	0.0	0.0	0.0	0.0	0.0	0.0	0.0	0.0	0.0	0.0	0.0	0.0	0.0	0.0	0.0	0.0	0.0	0.0	0.0	0.0	0.0	0.0	0.0	0.0	0.0	0.0	0.0	0.0	0.0	0.0	0.0	0.0	0.0	0.0	0.0	0.0	0.0	0.0	0.0	0.0	0.0	0.0	0.0	0.0	0.0	0.0	0.0	0.0	0.0	0.0	0.0	0.0	0.0	0.0	0.0	0.0	0.0	0.0	0.0	0.0	0.0	0.0	0.0
SRR24888352	6.7828	1.8753	15.9983	7.4639	1.5502	0.8565	6.6151	5.9078	0.0	0.0	1.3871	0.0	0.0	5.2319	1.5199	1.57	0.5241	5.769	1.5102	1.233	0.666	0.0	0.8383	0.7891	0.0	0.0	0.5468	1.6584	0.4844	1.3779	0.7697	0.0	0.6343	0.0	0.0	0.0	0.0	0.0	0.3756	0.3466	0.0	1.179	0.6037	0.6341	0.0	0.0	0.0	0.0	0.0	0.0	0.7282	0.0	0.0	1.2485	6.7828	1.8753	15.9983	7.4639	1.5502	0.8565	6.6151	5.9078	0.0	0.0	1.3871	0.0	0.0	5.2319	1.5199	1.57	0.5241	5.769	1.5102	1.233	0.666	0.0	0.8383	0.7891	0.0	0.0	0.5468	1.6584	0.4844	1.3779	0.7697	0.0	0.6343	0.0	0.0	0.0	0.0	0.0	0.3756	0.3466	0.0	1.179	0.6037	0.6341	0.0	0.0	0.0	0.0	0.0	0.0	0.7282	0.0	0.0	1.2485	4.755	0.7892	1.4123	0.0	0.0	4.755	0.7892	1.4123	0.0	0.0	1.316	1.6737	0.0	0.0	0.0	0.679	0.0	0.0	0.0	1.316	1.6737	0.0	0.0	0.0	0.679	0.0	0.0	0.0	0.0	0.0	0.0	0.0	0.1099	0.1779	0.0	0.0	0.0	0.0	0.1099	0.1779	1.2428	0.0	0.6081	0.0	0.0	0.5017	1.2428	0.0	0.6081	0.0	0.0	0.5017	0.951	0.0	0.0	0.1117	0.951	0.0	0.0	0.1117	0.0	0.0	0.0	0.0	0.0	0.0	0.0	0.0	0.0	0.0	0.0	0.0	0.0	0.0	0.0	0.0	0.0	0.0	0.0	0.0	0.0	0.0	0.0	0.0	0.0	0.0	0.0	0.0	0.0	0.0	0.0	0.0	0.0	0.0	0.0	0.0	0.0	0.0	0.0	0.0	0.0	0.0	0.0	0.0	0.0	0.0	0.0	0.0	0.0	0.0	0.0	0.0	0.0	0.2908	0.2576	0.0	0.0	0.0	0.0	0.0	0.0	0.0	0.0	0.0	0.0	0.0	0.0	0.2908	0.2576	0.0	0.0	0.0	0.0	0.0	0.0	0.0	0.0	0.0	0.0	0.0	0.0	0.0	0.0	0.0	0.0	0.0	0.0	0.0	0.0	0.0	0.0	0.0	0.0	0.9107	0.0	0.0	0.9107	0.0	0.0	0.0	0.0	0.0	0.0	0.0	0.0	0.0	0.0	0.0	0.0	0.0	0.0	0.0	0.0	0.0	0.0	0.0	0.0	0.0	0.0	0.0	0.8576	0.9182	0.0	0.9922	0.0	0.0	0.0	0.0	0.0	0.0	0.8576	0.9182	0.0	0.9922	0.0	0.0	0.0	0.0	0.0	0.0	0.0	0.0	0.0	0.0	0.0	0.0	0.0	1.0179	0.0	0.0	1.0179	0.0	0.4958	0.4392	0.3016	0.2962	0.1815	0.0369	0.4958	0.4392	0.3016	0.2962	0.1815	0.0369	0.0	0.0	0.0	0.0	0.0	0.0	0.0	0.0	0.0	0.0	0.0	0.0	0.0	0.0
SRR24888482	7.9432	4.5633	21.1411	8.1436	2.2439	1.4196	6.132	1.874	1.6913	0.0	1.8374	0.0	1.7461	1.3221	1.2618	1.9396	0.4931	5.2308	1.7096	1.3364	0.0	0.9467	1.2671	0.9245	0.6576	0.0	0.603	1.0098	0.0	1.6357	0.5604	0.0	0.0	0.0	0.0	0.0	0.0	0.0	0.4024	0.3907	0.0	0.9049	0.7077	0.4199	0.0	0.0	0.0	0.0	0.0	0.0	0.3658	0.0	0.0	0.2416	7.9432	4.5633	21.1411	8.1436	2.2439	1.4196	6.132	1.874	1.6913	0.0	1.8374	0.0	1.7461	1.3221	1.2618	1.9396	0.4931	5.2308	1.7096	1.3364	0.0	0.9467	1.2671	0.9245	0.6576	0.0	0.603	1.0098	0.0	1.6357	0.5604	0.0	0.0	0.0	0.0	0.0	0.0	0.0	0.4024	0.3907	0.0	0.9049	0.7077	0.4199	0.0	0.0	0.0	0.0	0.0	0.0	0.3658	0.0	0.0	0.2416	0.0	0.0	1.6708	0.0	0.0	0.0	0.0	1.6708	0.0	0.0	1.1538	1.6565	0.0	0.0	0.0	0.0	0.0	0.3526	0.0	1.1538	1.6565	0.0	0.0	0.0	0.0	0.0	0.3526	0.0	0.0	0.0	0.0	0.0	0.322	0.0	0.0	0.0	0.0	0.0	0.322	0.0	1.2615	0.0	0.0	0.0	0.0	0.0	1.2615	0.0	0.0	0.0	0.0	0.0	0.9155	0.0	0.0	0.0	0.9155	0.0	0.0	0.0	0.0	0.1324	0.0	0.1324	0.0	0.0	0.0	0.0	0.0	1.7684	0.0	0.0	0.0	0.0	1.7684	0.0	0.0	0.0	0.0	0.0	0.0	0.0	0.0	0.0	0.0	0.0	0.0	0.0	0.0	0.0	0.0	0.0	0.0	0.0	0.0	0.0	0.0	0.0	0.0	0.0	0.0	0.0	0.0	0.0	0.0	0.0	0.0	0.0	0.0	0.0	0.0	0.0	0.0	0.0	0.0	0.0	0.0	0.0	0.0	0.0	0.0	0.0	0.0	0.0	0.0	0.0	0.0	0.0	0.0	0.0	0.0	0.0	0.0	0.0	0.0	0.0	0.0	0.0	0.0	0.0	0.0	0.0	0.0	0.0	0.0	0.0	0.0	0.0	0.0	0.0	0.0	0.0	0.0	0.9111	0.0	0.0	0.9111	0.0	0.0	0.0	0.0	0.0	0.0	0.0	0.0	0.0	0.0	0.0	0.0	0.0	0.0	0.0	0.0	0.0	0.0	0.0	0.0	0.0	0.0	0.0	0.838	1.322	0.0	0.8107	0.0	0.0	0.0	0.0	0.0	0.0	0.838	1.322	0.0	0.8107	0.0	0.0	0.0	0.0	0.0	0.0	0.0	0.0	0.0	0.0	0.0	0.0	0.0	1.0151	0.0	0.0	1.0151	0.0	0.5064	0.5023	0.0	0.2741	0.0	0.0	0.5064	0.5023	0.0	0.2741	0.0	0.0	1.5201	1.5201	0.0	0.0	0.0	0.0	0.0	0.0	0.0	0.0	0.0	0.0	0.0	0.0
SRR24888489	5.6282	2.0572	15.7349	6.9933	2.0201	0.8865	6.3158	1.7574	2.1635	0.0	1.6055	0.0	1.609	1.3459	1.4012	5.5907	0.4866	7.0044	1.6183	1.2904	0.0	1.2	1.0334	0.8153	1.1071	0.0	0.9497	1.1416	0.0	1.5355	0.9455	0.0	0.7108	0.0	0.0	0.0	0.0	0.0	0.271	0.4971	0.3204	0.8363	0.715	0.5398	0.0	0.0	0.0	0.0	0.0	0.0	0.622	0.0	0.0	0.3488	5.6282	2.0572	15.7349	6.9933	2.0201	0.8865	6.3158	1.7574	2.1635	0.0	1.6055	0.0	1.609	1.3459	1.4012	5.5907	0.4866	7.0044	1.6183	1.2904	0.0	1.2	1.0334	0.8153	1.1071	0.0	0.9497	1.1416	0.0	1.5355	0.9455	0.0	0.7108	0.0	0.0	0.0	0.0	0.0	0.271	0.4971	0.3204	0.8363	0.715	0.5398	0.0	0.0	0.0	0.0	0.0	0.0	0.622	0.0	0.0	0.3488	5.9094	0.0	1.3456	0.0	0.0	5.9094	0.0	1.3456	0.0	0.0	0.6542	0.0	0.0	0.0	0.0	0.5859	0.0	0.3315	0.0	0.6542	0.0	0.0	0.0	0.0	0.5859	0.0	0.3315	0.0	0.0	0.0	0.0	0.0	0.2674	0.0	0.0	0.0	0.0	0.0	0.2674	0.0	0.0	0.0	0.0	0.0	0.0	0.0	0.0	0.0	0.0	0.0	0.0	0.0	1.0362	0.0	0.0	0.0725	1.0362	0.0	0.0	0.0725	0.0	0.2834	0.0	0.2834	0.0	0.0	0.0	0.0	0.0	1.6808	0.0	0.0	0.0	0.0	1.6808	0.0	0.0	0.0	0.7618	0.0	0.0	0.7618	0.0	0.0	0.0	0.0	0.0	0.0	0.0	0.0	0.0	0.0	0.0	0.0	0.0	0.727	0.0	0.0	0.0	0.727	0.0	0.0	0.0	0.0	0.0	0.0	0.0	0.0	0.0	0.0	0.0	0.0	0.0	0.0	0.0	0.0	0.0	0.0	0.0	0.0	0.0	0.0	0.0	0.0	0.0	0.0	0.0	0.0	0.0	0.0	0.0	0.3172	0.0	0.0	0.0	0.3172	0.0	0.0	0.0	0.0	0.0	0.0	0.0	0.0	0.0	0.0	0.0	0.0	0.0	0.0	0.0	0.0	0.0	0.8641	0.8013	0.0	0.8641	0.8013	0.0	0.0	0.0	0.0	0.0	0.0	0.0	0.0	0.0	0.0	0.0	0.0	0.0	0.0	0.0	0.0	0.0	0.0	0.0	0.0	0.0	0.0	0.9182	1.2775	0.0	1.791	0.0	0.0	0.0	0.0	0.0	0.0	0.9182	1.2775	0.0	1.791	0.0	0.0	0.0	0.0	0.0	0.0	0.0	0.0	0.0	0.0	0.0	0.0	0.0	1.0025	0.0	0.0	1.0025	0.0	0.0	0.0	0.0	0.2741	0.0	0.0	0.0	0.0	0.0	0.2741	0.0	0.0	0.0	0.0	0.0	0.0	0.0	0.0	0.0	0.0	0.0	0.0	0.0	0.0	0.0	0.0
SRR24888613	20.751	0.0	38.976	0.0	0.0	0.0	0.0	13.6904	0.0	0.0	0.0	0.0	0.0	0.0	0.0	17.9728	0.0	4.3527	4.2571	0.0	0.0	0.0	0.0	0.0	0.0	0.0	0.0	0.0	0.0	0.0	0.0	0.0	0.0	0.0	0.0	0.0	0.0	0.0	0.0	0.0	0.0	0.0	0.0	0.0	0.0	0.0	0.0	0.0	0.0	0.0	0.0	0.0	0.0	0.0	20.751	0.0	38.976	0.0	0.0	0.0	0.0	13.6904	0.0	0.0	0.0	0.0	0.0	0.0	0.0	17.9728	0.0	4.3527	4.2571	0.0	0.0	0.0	0.0	0.0	0.0	0.0	0.0	0.0	0.0	0.0	0.0	0.0	0.0	0.0	0.0	0.0	0.0	0.0	0.0	0.0	0.0	0.0	0.0	0.0	0.0	0.0	0.0	0.0	0.0	0.0	0.0	0.0	0.0	0.0	0.0	0.0	0.0	0.0	0.0	0.0	0.0	0.0	0.0	0.0	0.0	0.0	0.0	0.0	0.0	0.0	0.0	0.0	0.0	0.0	0.0	0.0	0.0	0.0	0.0	0.0	0.0	0.0	0.0	0.0	0.0	0.0	0.0	0.0	0.0	0.0	0.0	0.0	0.0	0.0	0.0	0.0	0.0	0.0	0.0	0.0	0.0	0.0	0.0	0.0	0.0	0.0	0.0	0.0	0.0	0.0	0.0	0.0	0.0	0.0	0.0	0.0	0.0	0.0	0.0	0.0	0.0	0.0	0.0	0.0	0.0	0.0	0.0	0.0	0.0	0.0	0.0	0.0	0.0	0.0	0.0	0.0	0.0	0.0	0.0	0.0	0.0	0.0	0.0	0.0	0.0	0.0	0.0	0.0	0.0	0.0	0.0	0.0	0.0	0.0	0.0	0.0	0.0	0.0	0.0	0.0	0.0	0.0	0.0	0.0	0.0	0.0	0.0	0.0	0.0	0.0	0.0	0.0	0.0	0.0	0.0	0.0	0.0	0.0	0.0	0.0	0.0	0.0	0.0	0.0	0.0	0.0	0.0	0.0	0.0	0.0	0.0	0.0	0.0	0.0	0.0	0.0	0.0	0.0	0.0	0.0	0.0	0.0	0.0	0.0	0.0	0.0	0.0	0.0	0.0	0.0	0.0	0.0	0.0	0.0	0.0	0.0	0.0	0.0	0.0	0.0	0.0	0.0	0.0	0.0	0.0	0.0	0.0	0.0	0.0	0.0	0.0	0.0	0.0	0.0	0.0	0.0	0.0	0.0	0.0	0.0	0.0	0.0	0.0	0.0	0.0	0.0	0.0	0.0	0.0	0.0	0.0	0.0	0.0	0.0	0.0	0.0	0.0	0.0	0.0	0.0	0.0	0.0	0.0	0.0	0.0	0.0	0.0	0.0	0.0	0.0	0.0	0.0	0.0	0.0	0.0	0.0	0.0	0.0	0.0	0.0	0.0	0.0	0.0	0.0	0.0	0.0	0.0	0.0	0.0	0.0	0.0	0.0
SRR24888615	7.273	2.3245	21.6462	9.3373	2.1602	1.6274	7.2996	2.3172	1.643	0.0	1.9116	0.0	0.0	1.5111	1.8122	5.7452	0.0	2.302	1.7913	1.3611	0.0	1.4336	1.0302	1.147	1.0394	0.0	0.648	1.0814	0.0	1.663	0.9138	0.0	0.6992	0.0	0.0	0.0	0.0	0.0	0.4279	0.434	0.1866	0.607	0.7978	0.607	0.0	0.0	0.0	0.0	0.0	0.0	0.5752	0.0	0.0	0.3845	7.273	2.3245	21.6462	9.3373	2.1602	1.6274	7.2996	2.3172	1.643	0.0	1.9116	0.0	0.0	1.5111	1.8122	5.7452	0.0	2.302	1.7913	1.3611	0.0	1.4336	1.0302	1.147	1.0394	0.0	0.648	1.0814	0.0	1.663	0.9138	0.0	0.6992	0.0	0.0	0.0	0.0	0.0	0.4279	0.434	0.1866	0.607	0.7978	0.607	0.0	0.0	0.0	0.0	0.0	0.0	0.5752	0.0	0.0	0.3845	0.0	0.0	1.5019	0.0	0.0	0.0	0.0	1.5019	0.0	0.0	1.1794	0.0	0.0	0.0	0.0	0.686	0.0	0.0	0.0	1.1794	0.0	0.0	0.0	0.0	0.686	0.0	0.0	0.0	0.0	0.0	0.0	0.0	0.1459	0.0	0.0	0.0	0.0	0.0	0.1459	0.0	0.0	0.0	0.0	0.0	0.0	0.0	0.0	0.0	0.0	0.0	0.0	0.0	1.1808	0.0	0.0	0.0943	1.1808	0.0	0.0	0.0943	0.0	0.0	0.0	0.0	0.0	0.0	0.0	0.0	0.0	2.3997	0.0	0.0	0.0	0.0	2.3997	0.0	0.0	0.0	0.0	0.0	0.0	0.0	0.0	0.0	0.0	0.0	0.0	0.0	0.0	0.0	0.0	0.0	0.0	0.0	0.0	0.9875	0.0	0.0	0.0	0.9875	0.0	0.0	0.0	0.0	0.0	0.0	0.0	0.0	0.0	0.0	0.0	0.0	0.0	0.0	0.0	0.0	0.0	0.0	0.0	0.0	0.0	0.0	0.0	0.0	0.0	0.0	0.0	0.0	0.0	0.0	0.0	0.0	0.0	0.0	0.0	0.0	0.0	0.0	0.0	0.0	0.0	0.0	0.0	0.0	0.0	0.0	0.0	0.0	0.0	0.0	0.0	0.0	0.0	0.0	0.9072	0.0	0.0	0.9072	0.0	0.0	0.0	0.0	0.0	0.0	0.0	0.0	0.0	0.0	0.0	0.0	0.0	0.0	0.0	0.0	0.0	0.0	0.0	0.0	0.0	0.0	0.0	1.1966	0.0	1.7834	0.0	0.0	0.0	0.0	0.0	0.0	0.0	1.1966	0.0	1.7834	0.0	0.0	0.0	0.0	0.0	0.0	0.0	0.0	0.0	0.0	0.0	0.0	0.0	1.1372	0.0	0.0	1.1372	0.0	0.0	0.6001	0.0	0.4613	0.0	0.0	0.0	0.6001	0.0	0.4613	0.0	0.0	0.0	0.0	0.0	0.0	0.0	0.0	0.0	0.0	0.0	0.0	0.0	0.0	0.0	0.0
SRR24888635	2.0521	1.5643	21.7622	7.9621	0.8789	1.1443	3.7667	2.1277	0.0	0.0	1.7108	0.8747	0.0	1.4663	1.4468	1.9029	0.6075	5.5896	5.0305	1.0152	0.0	0.0	1.031	5.1392	0.0	1.107	1.8197	1.7218	0.0	1.7317	0.5586	0.0	0.0	0.0	0.0	0.9313	0.0	0.0	0.0	0.0	0.4843	1.2786	0.6193	0.4108	0.0	0.0	0.0	0.0	0.0	0.0	1.5848	0.0	0.0	0.7721	2.0521	1.5643	21.7622	7.9621	0.8789	1.1443	3.7667	2.1277	0.0	0.0	1.7108	0.8747	0.0	1.4663	1.4468	1.9029	0.6075	5.5896	5.0305	1.0152	0.0	0.0	1.031	5.1392	0.0	1.107	1.8197	1.7218	0.0	1.7317	0.5586	0.0	0.0	0.0	0.0	0.9313	0.0	0.0	0.0	0.0	0.4843	1.2786	0.6193	0.4108	0.0	0.0	0.0	0.0	0.0	0.0	1.5848	0.0	0.0	0.7721	0.0	0.0	1.3822	0.0	0.0	0.0	0.0	1.3822	0.0	0.0	0.0	1.7124	0.0	0.9221	0.6839	0.9886	0.4134	0.541	0.0	0.0	1.7124	0.0	0.9221	0.6839	0.9886	0.4134	0.541	0.0	0.0	0.0	0.0	0.0	0.0	0.0	0.0	0.0	0.0	0.0	0.0	0.0	1.479	0.0	0.0	0.0	0.0	0.0	1.479	0.0	0.0	0.0	0.0	0.0	0.8166	0.0	0.3857	0.4034	0.8166	0.0	0.3857	0.4034	0.0	0.0	0.0	0.0	0.0	0.0	0.0	0.0	0.7904	0.0	0.9598	0.0	0.0	0.7904	0.0	0.9598	0.0	0.0	0.0	0.0	0.0	0.0	0.0	0.0	0.0	1.2869	0.0	0.0	0.0	1.2869	0.0	0.0	0.0	0.0	0.0	0.0	0.0	0.0	0.0	0.0	0.0	0.0	0.0	0.0	0.0	0.0	0.0	0.0	0.0	0.0	0.0	0.0	0.0	0.0	0.0	0.0	0.0	0.0	0.0	0.0	0.0	0.0	0.0	0.0	0.0	0.0	0.0	0.0	0.0	0.0	0.0	0.0	0.0	0.0	0.0	0.0	0.0	0.0	0.0	0.3428	0.0	0.0	0.3428	0.0	0.0	0.0	0.0	0.0	0.0	0.0	0.0	0.0	0.0	0.0	0.0	0.0	0.0	0.0	0.0	0.0	0.0	0.0	0.0	0.0	0.0	0.0	0.0	0.0	0.0	0.0	0.0	0.0	0.0	0.0	0.0	0.0	0.0	0.0	0.0	0.0	0.0	1.0577	1.1584	0.0	0.8428	0.9877	0.0	0.0	0.8258	0.0	0.0	1.0577	1.1584	0.0	0.8428	0.9877	0.0	0.0	0.8258	0.0	0.0	0.0	0.0	0.0	0.0	0.0	0.0	0.0	0.0	0.0	0.0	0.0	0.0	0.0	0.0	0.0	0.0	0.0	0.0	0.0	0.0	0.0	0.0	0.0	0.0	0.0	1.9267	1.9267	0.0	0.0	0.0	0.0	0.0	0.0	0.0	0.0	0.0	0.0
SRR24888648	1.5176	1.0949	20.5643	6.0752	0.6789	0.8312	2.6922	5.4573	0.0	0.0	1.1802	0.6962	0.0	1.2744	3.6432	3.0486	0.4733	5.0772	4.9691	0.0	0.0	0.0	0.9013	3.354	0.0	0.7234	1.2618	1.4577	0.0	1.3284	0.5556	0.0	0.0	0.0	0.0	0.8629	0.5287	0.0	0.0	0.302	0.2452	1.5789	0.6411	0.382	0.0	0.0	0.6709	0.0	0.0	0.0	1.4074	0.0	0.0	0.8265	1.5176	1.0949	20.5643	6.0752	0.6789	0.8312	2.6922	5.4573	0.0	0.0	1.1802	0.6962	0.0	1.2744	3.6432	3.0486	0.4733	5.0772	4.9691	0.0	0.0	0.0	0.9013	3.354	0.0	0.7234	1.2618	1.4577	0.0	1.3284	0.5556	0.0	0.0	0.0	0.0	0.8629	0.5287	0.0	0.0	0.302	0.2452	1.5789	0.6411	0.382	0.0	0.0	0.6709	0.0	0.0	0.0	1.4074	0.0	0.0	0.8265	0.0	0.8583	1.1681	0.0	0.0	0.0	0.8583	1.1681	0.0	0.0	0.0	0.0	0.0	0.6805	0.5814	1.2818	0.4195	0.533	0.0	0.0	0.0	0.0	0.6805	0.5814	1.2818	0.4195	0.533	0.0	0.0	0.0	0.0	0.2879	0.0	0.3945	0.0	0.0	0.0	0.2879	0.0	0.3945	0.9995	0.0	0.0	0.7956	0.0	0.0	0.9995	0.0	0.0	0.7956	0.0	0.0	0.5793	0.0	0.2605	0.4019	0.5793	0.0	0.2605	0.4019	0.0	0.0	0.0	0.0	0.3496	0.0	0.3496	0.0	0.5495	1.3338	0.7269	0.6466	0.0	0.5495	1.3338	0.7269	0.6466	0.0	0.565	0.0	0.0	0.565	0.0	0.0	0.0	0.0	0.0	0.0	0.0	0.0	0.0	0.0	0.0	0.0	0.0	0.0	0.0	0.0	0.0	0.0	0.0	0.0	0.0	0.0	0.2971	0.0	0.0	0.2533	0.0	0.0	0.4348	0.0	0.0	0.0	0.0	0.0	0.0	0.0	0.2971	0.0	0.0	0.2533	0.0	0.0	0.4348	0.0	0.0	0.0	0.0	0.0	0.0	0.0	0.2067	0.0	0.0	0.0	0.2067	0.0	0.4346	0.0	0.0	0.4346	0.0	0.0	0.0	0.0	0.0	0.0	0.0	0.0	0.0	0.0	0.0	0.0	0.3905	0.0	0.0	0.3905	0.0	0.0	0.0	0.0	0.0	0.0	0.0	0.0	0.0	0.0	0.0	0.0	0.0	0.0	0.0	0.0	0.0	0.0	0.0	0.0	0.0	0.0	0.0	0.9373	0.9482	0.0	0.7773	0.6875	0.0	0.0	0.6739	0.0	0.0	0.9373	0.9482	0.0	0.7773	0.6875	0.0	0.0	0.6739	0.0	0.0	0.0	0.0	0.0	0.0	0.0	0.0	0.6909	0.0	0.0	0.6909	0.0	0.0	0.0	0.2348	0.0	0.0	0.1885	0.0	0.0	0.2348	0.0	0.0	0.1885	0.0	0.0	1.1412	1.1412	1.0391	0.3149	0.2969	0.1823	0.1552	1.0391	0.3149	0.2969	0.1823	0.1552
